This is pdfTeX, Version 3.141592653-2.6-1.40.29 (TeX Live 2026) (preloaded format=pdflatex 2026.5.8)  23 SEP 2026 17:26
entering extended mode
 restricted \write18 enabled.
 %&-line parsing enabled.
**ClassicThesis.tex
(./ClassicThesis.tex
LaTeX2e <2025-11-01>
L3 programming layer <2026-01-19>
(/usr/local/texlive/2026/texmf-dist/tex/latex/silence/silence.sty
Package: silence 2012/07/02 v1.5b Selective filtering of warnings and error mes
sages
\sl@Save=\count275
\sl@StateNumber=\count276
\sl@MessageCount=\count277
\sl@Casualties=\count278
\sl@Filter=\toks17
\sl@Message=\toks18
\sl@UnexpandedMessage=\toks19
\sl@Mess@ge=\toks20
\sl@WarningCount=\count279
\sl@WarningNumber=\count280
\sl@WarningCasualties=\count281
\sl@TempBOW=\toks21
\sl@BankOfWarnings=\toks22
LaTeX Info: Redefining \GenericWarning on input line 433.
\sl@ErrorCount=\count282
\sl@ErrorNumber=\count283
\sl@ErrorCasualties=\count284
\sl@TempBOE=\toks23
\sl@BankOfErrors=\toks24
LaTeX Info: Redefining \GenericError on input line 601.
)
(/usr/local/texlive/2026/texmf-dist/tex/latex/koma-script/scrreprt.cls
Document Class: scrreprt 2026/02/02 v3.49.2 KOMA-Script document class (report)

(/usr/local/texlive/2026/texmf-dist/tex/latex/koma-script/scrkbase.sty
Package: scrkbase 2026/02/02 v3.49.2 KOMA-Script package (KOMA-Script-dependent
 basics and keyval usage)

(/usr/local/texlive/2026/texmf-dist/tex/latex/koma-script/scrbase.sty
Package: scrbase 2026/02/02 v3.49.2 KOMA-Script package (KOMA-Script-independen
t basics and keyval usage)

(/usr/local/texlive/2026/texmf-dist/tex/latex/koma-script/scrlfile.sty
Package: scrlfile 2026/02/02 v3.49.2 KOMA-Script package (file load hooks)

(/usr/local/texlive/2026/texmf-dist/tex/latex/koma-script/scrlfile-hook.sty
Package: scrlfile-hook 2026/02/02 v3.49.2 KOMA-Script package (using LaTeX hook
s)

(/usr/local/texlive/2026/texmf-dist/tex/latex/koma-script/scrlogo.sty
Package: scrlogo 2026/02/02 v3.49.2 KOMA-Script package (logo)
)))
(/usr/local/texlive/2026/texmf-dist/tex/latex/graphics/keyval.sty
Package: keyval 2022/05/29 v1.15 key=value parser (DPC)
\KV@toks@=\toks25
)
Applying: [2021/05/01] Usage of raw or classic option list on input line 254.
Already applied: [0000/00/00] Usage of raw or classic option list on input line
 370.
))
(/usr/local/texlive/2026/texmf-dist/tex/latex/koma-script/tocbasic.sty
Package: tocbasic 2026/02/02 v3.49.2 KOMA-Script package (handling toc-files)
\scr@dte@tocline@numberwidth=\skip49
\scr@dte@tocline@numbox=\box53
)
Package tocbasic Info: omitting babel extension for `toc'
(tocbasic)             because of feature `nobabel' available
(tocbasic)             for `toc' on input line 143.
Class scrreprt Info: You've used standard option `openright'.
(scrreprt)           This is correct!
(scrreprt)           Internally I'm using `open=right'.
(scrreprt)           If you'd like to set the option with \KOMAoptions,
(scrreprt)           you'd have to use `open=right' there
(scrreprt)           instead of `openright', too.
Class scrreprt Info: File `scrsize11pt.clo' used to setup font sizes on input l
ine 2710.

(/usr/local/texlive/2026/texmf-dist/tex/latex/koma-script/scrsize11pt.clo
File: scrsize11pt.clo 2026/02/02 v3.49.2 KOMA-Script font size class option (11
pt)
)
(/usr/local/texlive/2026/texmf-dist/tex/latex/koma-script/typearea.sty
Package: typearea 2026/02/02 v3.49.2 KOMA-Script package (type area)
\ta@bcor=\skip50
\ta@div=\count285
\ta@hblk=\skip51
\ta@vblk=\skip52
\ta@temp=\skip53
\footheight=\skip54
Package typearea Info: These are the values describing the layout:
(typearea)             DIV  = 10
(typearea)             BCOR = 14.22636pt
(typearea)             \paperwidth      = 597.50793pt
(typearea)              \textwidth      = 408.2971pt
(typearea)              DIV departure   = -3%
(typearea)              \evensidemargin = 44.38632pt
(typearea)              \oddsidemargin  = 0.28453pt
(typearea)             \paperheight     = 845.04694pt
(typearea)              \textheight     = 514.20023pt
(typearea)              \topmargin      = 12.2347pt
(typearea)              \headheight     = 17.0pt
(typearea)              \headsep        = 20.40001pt
(typearea)              \topskip        = 11.0pt
(typearea)              \footskip       = 47.6pt
(typearea)              \baselineskip   = 13.6pt
(typearea)              on input line 1810.
)
\c@part=\count286
\c@chapter=\count287
\c@section=\count288
\c@subsection=\count289
\c@subsubsection=\count290
\c@paragraph=\count291
\c@subparagraph=\count292
\scr@dte@chapter@maxnumwidth=\skip55
Class scrreprt Info: using compatibility default `afterindent=bysign'
(scrreprt)           for `\chapter on input line 5934.
\scr@dte@section@maxnumwidth=\skip56
Class scrreprt Info: using compatibility default `runin=bysign'
(scrreprt)           for `\section on input line 5945.
Class scrreprt Info: using compatibility default `afterindent=bysign'
(scrreprt)           for `\section on input line 5945.
\scr@dte@part@maxnumwidth=\skip57
Class scrreprt Info: using compatibility default `afterindent=true'
(scrreprt)           for `\part on input line 5954.
\scr@dte@subsection@maxnumwidth=\skip58
Class scrreprt Info: using compatibility default `runin=bysign'
(scrreprt)           for `\subsection on input line 5964.
Class scrreprt Info: using compatibility default `afterindent=bysign'
(scrreprt)           for `\subsection on input line 5964.
\scr@dte@subsubsection@maxnumwidth=\skip59
Class scrreprt Info: using compatibility default `runin=bysign'
(scrreprt)           for `\subsubsection on input line 5974.
Class scrreprt Info: using compatibility default `afterindent=bysign'
(scrreprt)           for `\subsubsection on input line 5974.
\scr@dte@paragraph@maxnumwidth=\skip60
Class scrreprt Info: using compatibility default `runin=bysign'
(scrreprt)           for `\paragraph on input line 5985.
Class scrreprt Info: using compatibility default `afterindent=bysign'
(scrreprt)           for `\paragraph on input line 5985.
\scr@dte@subparagraph@maxnumwidth=\skip61
Class scrreprt Info: using compatibility default `runin=bysign'
(scrreprt)           for `\subparagraph on input line 5995.
Class scrreprt Info: using compatibility default `afterindent=bysign'
(scrreprt)           for `\subparagraph on input line 5995.
\abovecaptionskip=\skip62
\belowcaptionskip=\skip63
\c@pti@nb@sid@b@x=\box54
Package tocbasic Info: omitting babel extension for `lof'
(tocbasic)             because of feature `nobabel' available
(tocbasic)             for `lof' on input line 7225.
\scr@dte@figure@maxnumwidth=\skip64
\c@figure=\count293
Package tocbasic Info: omitting babel extension for `lot'
(tocbasic)             because of feature `nobabel' available
(tocbasic)             for `lot' on input line 7238.
\scr@dte@table@maxnumwidth=\skip65
\c@table=\count294
Class scrreprt Info: Redefining `\numberline' on input line 7409.
\bibindent=\dimen148
)
(./classicthesis-config.tex
(/usr/local/texlive/2026/texmf-dist/tex/latex/base/inputenc.sty
Package: inputenc 2024/02/08 v1.3d Input encoding file
\inpenc@prehook=\toks26
\inpenc@posthook=\toks27
)
(/usr/local/texlive/2026/texmf-dist/tex/latex/base/fontenc.sty
Package: fontenc 2025/07/18 v2.1d Standard LaTeX package
)
(/usr/local/texlive/2026/texmf-dist/tex/generic/babel/babel.sty
Package: babel 2026/03/08 v26.4 The multilingual framework for LuaLaTeX, pdfLaT
eX and XeLaTeX
\babel@savecnt=\count295
LaTeX Encoding Info:    Redeclaring text command \ij (encoding OT1) on input li
ne 2078.
LaTeX Encoding Info:    Redeclaring text command \IJ (encoding OT1) on input li
ne 2080.
LaTeX Encoding Info:    Redeclaring text command \ij (encoding T1) on input lin
e 2082.
LaTeX Encoding Info:    Redeclaring text command \IJ (encoding T1) on input lin
e 2083.
LaTeX Encoding Info:    Ignoring declaration for text command \ij (encoding ?) 
on input line 2084.
LaTeX Encoding Info:    Ignoring declaration for text command \IJ (encoding ?) 
on input line 2086.
LaTeX Encoding Info:    Ignoring declaration for text command \SS (encoding ?) 
on input line 2111.
\U@D=\dimen149
\l@unhyphenated=\language91

(/usr/local/texlive/2026/texmf-dist/tex/generic/babel/txtbabel.def)
\bbl@readstream=\read2
\bbl@dirlevel=\count296

(/usr/local/texlive/2026/texmf-dist/tex/generic/babel/locale/invalid/babel-nger
man.tex)
(/usr/local/texlive/2026/texmf-dist/tex/generic/babel/locale/en/babel-american.
tex)
Package babel Info: Importing font and identification data for ngerman
(babel)             from babel-de.ini. Reported on input line 4330.
 (/usr/local/texlive/2026/texmf-dist/tex/generic/babel-german/ngerman.ldf
Language: ngerman 

(/usr/local/texlive/2026/texmf-dist/tex/generic/babel-german/babel-german.def
Package babel Info: Making " an active character on input line 496.
))
Package babel Info: Importing font and identification data for american
(babel)             from babel-en-US.ini. Reported on input line 4330.
(/usr/local/texlive/2026/texmf-dist/tex/generic/babel-english/american.ldf
Language: american 2017/06/06 v3.3r English support from the babel system

(/usr/local/texlive/2026/texmf-dist/tex/generic/babel-english/english.ldf
Language: english 2017/06/06 v3.3r English support from the babel system
Package babel Info: Hyphen rules for 'canadian' set to \l@english
(babel)             (\language0). Reported on input line 102.
Package babel Info: Hyphen rules for 'australian' set to \l@ukenglish
(babel)             (\language22). Reported on input line 105.
Package babel Info: Hyphen rules for 'newzealand' set to \l@ukenglish
(babel)             (\language22). Reported on input line 108.
)))
(/usr/local/texlive/2026/texmf-dist/tex/latex/csquotes/csquotes.sty
Package: csquotes 2024-04-04 v5.2o context-sensitive quotations (JAW)

(/usr/local/texlive/2026/texmf-dist/tex/latex/etoolbox/etoolbox.sty
Package: etoolbox 2025/10/02 v2.5m e-TeX tools for LaTeX (JAW)
\etb@tempcnta=\count297
)
\csq@reset=\count298
\csq@gtype=\count299
\csq@glevel=\count300
\csq@qlevel=\count301
\csq@maxlvl=\count302
\csq@tshold=\count303
\csq@ltx@everypar=\toks28

(/usr/local/texlive/2026/texmf-dist/tex/latex/csquotes/csquotes.def
File: csquotes.def 2024-04-04 v5.2o csquotes generic definitions (JAW)
)
Package csquotes Info: Trying to load configuration file 'csquotes.cfg'...
Package csquotes Info: ... configuration file loaded successfully.

(/usr/local/texlive/2026/texmf-dist/tex/latex/csquotes/csquotes.cfg
File: csquotes.cfg 
))
(/usr/local/texlive/2026/texmf-dist/tex/latex/biblatex/biblatex.sty
Package: biblatex 2025/07/10 v3.21 programmable bibliographies (PK/MW)

(/usr/local/texlive/2026/texmf-dist/tex/generic/pdftexcmds/pdftexcmds.sty
Package: pdftexcmds 2020-06-27 v0.33 Utility functions of pdfTeX for LuaTeX (HO
)

(/usr/local/texlive/2026/texmf-dist/tex/generic/infwarerr/infwarerr.sty
Package: infwarerr 2019/12/03 v1.5 Providing info/warning/error messages (HO)
)
(/usr/local/texlive/2026/texmf-dist/tex/generic/iftex/iftex.sty
Package: iftex 2024/12/12 v1.0g TeX engine tests
)
(/usr/local/texlive/2026/texmf-dist/tex/generic/ltxcmds/ltxcmds.sty
Package: ltxcmds 2023-12-04 v1.26 LaTeX kernel commands for general use (HO)
)
Package pdftexcmds Info: \pdf@primitive is available.
Package pdftexcmds Info: \pdf@ifprimitive is available.
Package pdftexcmds Info: \pdfdraftmode found.
)
(/usr/local/texlive/2026/texmf-dist/tex/latex/kvoptions/kvoptions.sty
Package: kvoptions 2022-06-15 v3.15 Key value format for package options (HO)

(/usr/local/texlive/2026/texmf-dist/tex/latex/kvsetkeys/kvsetkeys.sty
Package: kvsetkeys 2022-10-05 v1.19 Key value parser (HO)
))
(/usr/local/texlive/2026/texmf-dist/tex/latex/logreq/logreq.sty
Package: logreq 2010/08/04 v1.0 xml request logger
\lrq@indent=\count304

(/usr/local/texlive/2026/texmf-dist/tex/latex/logreq/logreq.def
File: logreq.def 2010/08/04 v1.0 logreq spec v1.0
))
(/usr/local/texlive/2026/texmf-dist/tex/latex/base/ifthen.sty
Package: ifthen 2024/03/16 v1.1e Standard LaTeX ifthen package (DPC)
)
(/usr/local/texlive/2026/texmf-dist/tex/latex/url/url.sty
\Urlmuskip=\muskip17
Package: url 2013/09/16  ver 3.4  Verb mode for urls, etc.
)
\c@tabx@nest=\count305
\c@listtotal=\count306
\c@listcount=\count307
\c@liststart=\count308
\c@liststop=\count309
\c@citecount=\count310
\c@citetotal=\count311
\c@multicitecount=\count312
\c@multicitetotal=\count313
\c@instcount=\count314
\c@maxnames=\count315
\c@minnames=\count316
\c@maxitems=\count317
\c@minitems=\count318
\c@citecounter=\count319
\c@maxcitecounter=\count320
\c@savedcitecounter=\count321
\c@uniquelist=\count322
\c@uniquename=\count323
\c@refsection=\count324
\c@refsegment=\count325
\c@maxextratitle=\count326
\c@maxextratitleyear=\count327
\c@maxextraname=\count328
\c@maxextradate=\count329
\c@maxextraalpha=\count330
\c@abbrvpenalty=\count331
\c@highnamepenalty=\count332
\c@lownamepenalty=\count333
\c@maxparens=\count334
\c@parenlevel=\count335
\blx@tempcnta=\count336
\blx@tempcntb=\count337
\blx@tempcntc=\count338
\c@blx@maxsection=\count339
\blx@maxsegment@0=\count340
\blx@notetype=\count341
\blx@parenlevel@text=\count342
\blx@parenlevel@foot=\count343
\blx@sectionciteorder@0=\count344
\blx@sectionciteorderinternal@0=\count345
\blx@entrysetcounter=\count346
\blx@biblioinstance=\count347
\labelnumberwidth=\skip66
\labelalphawidth=\skip67
\biblabelsep=\skip68
\bibitemsep=\skip69
\bibnamesep=\skip70
\bibinitsep=\skip71
\bibparsep=\skip72
\bibhang=\skip73
\blx@bcfin=\read3
\blx@bcfout=\write3
\blx@langwohyphens=\language92
\c@mincomprange=\count348
\c@maxcomprange=\count349
\c@mincompwidth=\count350
Package biblatex Info: Trying to load biblatex default data model...
Package biblatex Info: ... file 'blx-dm.def' found.

(/usr/local/texlive/2026/texmf-dist/tex/latex/biblatex/blx-dm.def
File: blx-dm.def 2025/07/10 v3.21 biblatex datamodel (PK/MW)
)
Package biblatex Info: Trying to load biblatex style data model...
Package biblatex Info: ... file 'authoryear.dbx' not found.
Package biblatex Info: Trying to load biblatex custom data model...
Package biblatex Info: ... file 'biblatex-dm.cfg' not found.
\c@afterword=\count351
\c@savedafterword=\count352
\c@annotator=\count353
\c@savedannotator=\count354
\c@author=\count355
\c@savedauthor=\count356
\c@bookauthor=\count357
\c@savedbookauthor=\count358
\c@commentator=\count359
\c@savedcommentator=\count360
\c@editor=\count361
\c@savededitor=\count362
\c@editora=\count363
\c@savededitora=\count364
\c@editorb=\count365
\c@savededitorb=\count366
\c@editorc=\count367
\c@savededitorc=\count368
\c@foreword=\count369
\c@savedforeword=\count370
\c@holder=\count371
\c@savedholder=\count372
\c@introduction=\count373
\c@savedintroduction=\count374
\c@namea=\count375
\c@savednamea=\count376
\c@nameb=\count377
\c@savednameb=\count378
\c@namec=\count379
\c@savednamec=\count380
\c@translator=\count381
\c@savedtranslator=\count382
\c@shortauthor=\count383
\c@savedshortauthor=\count384
\c@shorteditor=\count385
\c@savedshorteditor=\count386
\c@labelname=\count387
\c@savedlabelname=\count388
\c@institution=\count389
\c@savedinstitution=\count390
\c@lista=\count391
\c@savedlista=\count392
\c@listb=\count393
\c@savedlistb=\count394
\c@listc=\count395
\c@savedlistc=\count396
\c@listd=\count397
\c@savedlistd=\count398
\c@liste=\count399
\c@savedliste=\count400
\c@listf=\count401
\c@savedlistf=\count402
\c@location=\count403
\c@savedlocation=\count404
\c@organization=\count405
\c@savedorganization=\count406
\c@origlocation=\count407
\c@savedoriglocation=\count408
\c@origpublisher=\count409
\c@savedorigpublisher=\count410
\c@publisher=\count411
\c@savedpublisher=\count412
\c@language=\count413
\c@savedlanguage=\count414
\c@origlanguage=\count415
\c@savedoriglanguage=\count416
\c@pageref=\count417
\c@savedpageref=\count418
\shorthandwidth=\skip74
\shortjournalwidth=\skip75
\shortserieswidth=\skip76
\shorttitlewidth=\skip77
\shortauthorwidth=\skip78
\shorteditorwidth=\skip79
\locallabelnumberwidth=\skip80
\locallabelalphawidth=\skip81
\localshorthandwidth=\skip82
\localshortjournalwidth=\skip83
\localshortserieswidth=\skip84
\localshorttitlewidth=\skip85
\localshortauthorwidth=\skip86
\localshorteditorwidth=\skip87
Package biblatex Info: Trying to load compatibility code...
Package biblatex Info: ... file 'blx-compat.def' found.

(/usr/local/texlive/2026/texmf-dist/tex/latex/biblatex/blx-compat.def
File: blx-compat.def 2025/07/10 v3.21 biblatex compatibility (PK/MW)
)
Package biblatex Info: Trying to load BibTeX backend compatibility...
Package biblatex Info: ... file 'blx-bibtex.def' found.

(/usr/local/texlive/2026/texmf-dist/tex/latex/biblatex/blx-bibtex.def
File: blx-bibtex.def 2025/07/10 v3.21 biblatex compatibility (PK/MW)


Package biblatex Warning: Using fall-back bibtex backend:
(biblatex)                functionality may be reduced/unavailable.

)
Package biblatex Info: Trying to load generic definitions...
Package biblatex Info: ... file 'biblatex.def' found.
 (/usr/local/texlive/2026/texmf-dist/tex/latex/biblatex/biblatex.def
File: biblatex.def 2025/07/10 v3.21 biblatex compatibility (PK/MW)
\c@textcitecount=\count419
\c@textcitetotal=\count420
\c@textcitemaxnames=\count421
\c@biburlbigbreakpenalty=\count422
\c@biburlbreakpenalty=\count423
\c@biburlnumpenalty=\count424
\c@biburlucpenalty=\count425
\c@biburllcpenalty=\count426
\biburlbigskip=\muskip18
\biburlnumskip=\muskip19
\biburlucskip=\muskip20
\biburllcskip=\muskip21
\c@smartand=\count427
)
Package biblatex Info: Trying to load natbib compatibility...
Package biblatex Info: ... file 'blx-natbib.def' found.

(/usr/local/texlive/2026/texmf-dist/tex/latex/biblatex/blx-natbib.def
File: blx-natbib.def 2025/07/10 v3.21 biblatex compatibility (PK/MW)
Package biblatex Info: Delimiter 'nameyeardelim' in context '' already defined,
 overwriting.
)
Package biblatex Info: Trying to load bibliography style 'authoryear'...
Package biblatex Info: ... file 'authoryear.bbx' found.

(/usr/local/texlive/2026/texmf-dist/tex/latex/biblatex/bbx/authoryear.bbx
File: authoryear.bbx 2025/07/10 v3.21 biblatex bibliography style (PK/MW)
Package biblatex Info: Trying to load bibliography style 'standard'...
Package biblatex Info: ... file 'standard.bbx' found.

(/usr/local/texlive/2026/texmf-dist/tex/latex/biblatex/bbx/standard.bbx
File: standard.bbx 2025/07/10 v3.21 biblatex bibliography style (PK/MW)
\c@bbx:relatedcount=\count428
\c@bbx:relatedtotal=\count429
))
Package biblatex Info: Trying to load citation style 'authoryear'...
Package biblatex Info: ... file 'authoryear.cbx' found.

(/usr/local/texlive/2026/texmf-dist/tex/latex/biblatex/cbx/authoryear.cbx
File: authoryear.cbx 2025/07/10 v3.21 biblatex citation style (PK/MW)
Package biblatex Info: Redefining '\cite'.
Package biblatex Info: Redefining '\parencite'.
Package biblatex Info: Redefining '\footcite'.
Package biblatex Info: Redefining '\footcitetext'.
Package biblatex Info: Redefining '\smartcite'.
Package biblatex Info: Redefining '\textcite'.
Package biblatex Info: Redefining '\textcites'.
)
Package biblatex Info: Trying to load configuration file...
Package biblatex Info: ... file 'biblatex.cfg' found.

(/usr/local/texlive/2026/texmf-dist/tex/latex/biblatex/biblatex.cfg
File: biblatex.cfg 
)
Package biblatex Info: Input encoding 'utf8' detected.
Package biblatex Info: Document encoding is UTF8 ....

(/usr/local/texlive/2026/texmf-dist/tex/latex/l3kernel/expl3.sty
Package: expl3 2026-01-19 L3 programming layer (loader) 

(/usr/local/texlive/2026/texmf-dist/tex/latex/l3backend/l3backend-pdftex.def
File: l3backend-pdftex.def 2025-10-09 L3 backend support: PDF output (pdfTeX)
\l__color_backend_stack_int=\count430
))
Package biblatex Info: ... and expl3
(biblatex)             2026-01-19 L3 programming layer (loader) 
(biblatex)             is new enough (at least 2020/04/06),
(biblatex)             setting 'casechanger=expl3'.

(/usr/local/texlive/2026/texmf-dist/tex/latex/biblatex/blx-case-expl3.sty
(/usr/local/texlive/2026/texmf-dist/tex/latex/l3packages/xparse/xparse.sty
Package: xparse 2025-10-09 L3 Experimental document command parser
)
Package: blx-case-expl3 2025/07/10 v3.21 expl3 case changing code for biblatex
))
Package biblatex Info: Delimiter 'nameyeardelim' in context '' already defined,
 overwriting on input line 99.

(/usr/local/texlive/2026/texmf-dist/tex/latex/amsmath/amsmath.sty
Package: amsmath 2025/07/09 v2.17z AMS math features
\@mathmargin=\skip88

For additional information on amsmath, use the `?' option.
(/usr/local/texlive/2026/texmf-dist/tex/latex/amsmath/amstext.sty
Package: amstext 2024/11/17 v2.01 AMS text

(/usr/local/texlive/2026/texmf-dist/tex/latex/amsmath/amsgen.sty
File: amsgen.sty 1999/11/30 v2.0 generic functions
\@emptytoks=\toks29
\ex@=\dimen150
))
(/usr/local/texlive/2026/texmf-dist/tex/latex/amsmath/amsbsy.sty
Package: amsbsy 1999/11/29 v1.2d Bold Symbols
\pmbraise@=\dimen151
)
(/usr/local/texlive/2026/texmf-dist/tex/latex/amsmath/amsopn.sty
Package: amsopn 2022/04/08 v2.04 operator names
)
\inf@bad=\count431
LaTeX Info: Redefining \frac on input line 233.
\uproot@=\count432
\leftroot@=\count433
LaTeX Info: Redefining \overline on input line 398.
LaTeX Info: Redefining \colon on input line 409.
\classnum@=\count434
\DOTSCASE@=\count435
LaTeX Info: Redefining \ldots on input line 495.
LaTeX Info: Redefining \dots on input line 498.
LaTeX Info: Redefining \cdots on input line 619.
\Mathstrutbox@=\box55
\strutbox@=\box56
LaTeX Info: Redefining \big on input line 721.
LaTeX Info: Redefining \Big on input line 722.
LaTeX Info: Redefining \bigg on input line 723.
LaTeX Info: Redefining \Bigg on input line 724.
\big@size=\dimen152
LaTeX Font Info:    Redeclaring font encoding OML on input line 742.
LaTeX Font Info:    Redeclaring font encoding OMS on input line 743.
\macc@depth=\count436
LaTeX Info: Redefining \bmod on input line 904.
LaTeX Info: Redefining \pmod on input line 909.
LaTeX Info: Redefining \smash on input line 939.
LaTeX Info: Redefining \relbar on input line 969.
LaTeX Info: Redefining \Relbar on input line 970.
\c@MaxMatrixCols=\count437
\dotsspace@=\muskip22
\c@parentequation=\count438
\dspbrk@lvl=\count439
\tag@help=\toks30
\row@=\count440
\column@=\count441
\maxfields@=\count442
\andhelp@=\toks31
\eqnshift@=\dimen153
\alignsep@=\dimen154
\tagshift@=\dimen155
\tagwidth@=\dimen156
\totwidth@=\dimen157
\lineht@=\dimen158
\@envbody=\toks32
\multlinegap=\skip89
\multlinetaggap=\skip90
\mathdisplay@stack=\toks33
LaTeX Info: Redefining \[ on input line 2950.
LaTeX Info: Redefining \] on input line 2951.
)
(/usr/local/texlive/2026/texmf-dist/tex/latex/graphics/graphicx.sty
Package: graphicx 2024/12/31 v1.2e Enhanced LaTeX Graphics (DPC,SPQR)

(/usr/local/texlive/2026/texmf-dist/tex/latex/graphics/graphics.sty
Package: graphics 2024/08/06 v1.4g Standard LaTeX Graphics (DPC,SPQR)

(/usr/local/texlive/2026/texmf-dist/tex/latex/graphics/trig.sty
Package: trig 2023/12/02 v1.11 sin cos tan (DPC)
)
(/usr/local/texlive/2026/texmf-dist/tex/latex/graphics-cfg/graphics.cfg
File: graphics.cfg 2016/06/04 v1.11 sample graphics configuration
)
Package graphics Info: Driver file: pdftex.def on input line 106.

(/usr/local/texlive/2026/texmf-dist/tex/latex/graphics-def/pdftex.def
File: pdftex.def 2025/09/29 v1.2d Graphics/color driver for pdftex
))
\Gin@req@height=\dimen159
\Gin@req@width=\dimen160
)
(/usr/local/texlive/2026/texmf-dist/tex/latex/pdfpages/pdfpages.sty
Package: pdfpages 2025/07/23 v0.6g Insert pages of external PDF documents (AM)

(/usr/local/texlive/2026/texmf-dist/tex/latex/tools/calc.sty
Package: calc 2025/03/01 v4.3b Infix arithmetic (KKT,FJ)
\calc@Acount=\count443
\calc@Bcount=\count444
\calc@Adimen=\dimen161
\calc@Bdimen=\dimen162
\calc@Askip=\skip91
\calc@Bskip=\skip92
LaTeX Info: Redefining \setlength on input line 86.
LaTeX Info: Redefining \addtolength on input line 87.
\calc@Ccount=\count445
\calc@Cskip=\skip93
)
(/usr/local/texlive/2026/texmf-dist/tex/latex/eso-pic/eso-pic.sty
Package: eso-pic 2025/12/10 v3.0d eso-pic (RN)
\ESO@tempdima=\dimen163
\ESO@tempdimb=\dimen164

(/usr/local/texlive/2026/texmf-dist/tex/latex/xcolor/xcolor.sty
Package: xcolor 2024/09/29 v3.02 LaTeX color extensions (UK)

(/usr/local/texlive/2026/texmf-dist/tex/latex/graphics-cfg/color.cfg
File: color.cfg 2016/01/02 v1.6 sample color configuration
)
Package xcolor Info: Driver file: pdftex.def on input line 274.

(/usr/local/texlive/2026/texmf-dist/tex/latex/graphics/mathcolor.ltx)
Package xcolor Info: Model `cmy' substituted by `cmy0' on input line 1349.
Package xcolor Info: Model `hsb' substituted by `rgb' on input line 1353.
Package xcolor Info: Model `RGB' extended on input line 1365.
Package xcolor Info: Model `HTML' substituted by `rgb' on input line 1367.
Package xcolor Info: Model `Hsb' substituted by `hsb' on input line 1368.
Package xcolor Info: Model `tHsb' substituted by `hsb' on input line 1369.
Package xcolor Info: Model `HSB' substituted by `hsb' on input line 1370.
Package xcolor Info: Model `Gray' substituted by `gray' on input line 1371.
Package xcolor Info: Model `wave' substituted by `hsb' on input line 1372.
)
(/usr/local/texlive/2026/texmf-dist/tex/latex/graphics/dvipsnam.def
File: dvipsnam.def 2016/06/17 v3.0m Driver-dependent file (DPC,SPQR)
))
\AM@pagewidth=\dimen165
\AM@pageheight=\dimen166
\AM@fboxrule=\dimen167

(/usr/local/texlive/2026/texmf-dist/tex/latex/pdfpages/pppdftex.def
File: pppdftex.def 2025/07/23 v0.6g Pdfpages driver for pdfTeX (AM)
)
\pdfpages@includegraphics@status=\count446
\AM@pagebox=\box57
\AM@global@opts=\toks34
\AM@pagecnt=\count447
\AM@toc@title=\toks35
\AM@lof@heading=\toks36
\c@AM@survey=\count448
\AM@templatesizebox=\box58
)
(/usr/local/texlive/2026/texmf-dist/tex/latex/pgf/frontendlayer/tikz.sty
(/usr/local/texlive/2026/texmf-dist/tex/latex/pgf/basiclayer/pgf.sty
(/usr/local/texlive/2026/texmf-dist/tex/latex/pgf/utilities/pgfrcs.sty
(/usr/local/texlive/2026/texmf-dist/tex/generic/pgf/utilities/pgfutil-common.te
x
\pgfutil@everybye=\toks37
\pgfutil@tempdima=\dimen168
\pgfutil@tempdimb=\dimen169
)
(/usr/local/texlive/2026/texmf-dist/tex/generic/pgf/utilities/pgfutil-latex.def
\pgfutil@abb=\box59
) (/usr/local/texlive/2026/texmf-dist/tex/generic/pgf/utilities/pgfrcs.code.tex
(/usr/local/texlive/2026/texmf-dist/tex/generic/pgf/pgf.revision.tex)
Package: pgfrcs 2025-08-29 v3.1.11a (3.1.11a)
))
Package: pgf 2025-08-29 v3.1.11a (3.1.11a)

(/usr/local/texlive/2026/texmf-dist/tex/latex/pgf/basiclayer/pgfcore.sty
(/usr/local/texlive/2026/texmf-dist/tex/latex/pgf/systemlayer/pgfsys.sty
(/usr/local/texlive/2026/texmf-dist/tex/generic/pgf/systemlayer/pgfsys.code.tex
Package: pgfsys 2025-08-29 v3.1.11a (3.1.11a)
(/usr/local/texlive/2026/texmf-dist/tex/generic/pgf/utilities/pgfkeys.code.tex
\pgfkeys@pathtoks=\toks38
\pgfkeys@temptoks=\toks39

(/usr/local/texlive/2026/texmf-dist/tex/generic/pgf/utilities/pgfkeyslibraryfil
tered.code.tex
\pgfkeys@tmptoks=\toks40
))
\pgf@x=\dimen170
\pgf@y=\dimen171
\pgf@xa=\dimen172
\pgf@ya=\dimen173
\pgf@xb=\dimen174
\pgf@yb=\dimen175
\pgf@xc=\dimen176
\pgf@yc=\dimen177
\pgf@xd=\dimen178
\pgf@yd=\dimen179
\w@pgf@writea=\write4
\r@pgf@reada=\read4
\c@pgf@counta=\count449
\c@pgf@countb=\count450
\c@pgf@countc=\count451
\c@pgf@countd=\count452
\t@pgf@toka=\toks41
\t@pgf@tokb=\toks42
\t@pgf@tokc=\toks43
\pgf@sys@id@count=\count453

(/usr/local/texlive/2026/texmf-dist/tex/generic/pgf/systemlayer/pgf.cfg
File: pgf.cfg 2025-08-29 v3.1.11a (3.1.11a)
)
Driver file for pgf: pgfsys-pdftex.def

(/usr/local/texlive/2026/texmf-dist/tex/generic/pgf/systemlayer/pgfsys-pdftex.d
ef
File: pgfsys-pdftex.def 2025-08-29 v3.1.11a (3.1.11a)

(/usr/local/texlive/2026/texmf-dist/tex/generic/pgf/systemlayer/pgfsys-common-p
df.def
File: pgfsys-common-pdf.def 2025-08-29 v3.1.11a (3.1.11a)
)))
(/usr/local/texlive/2026/texmf-dist/tex/generic/pgf/systemlayer/pgfsyssoftpath.
code.tex
File: pgfsyssoftpath.code.tex 2025-08-29 v3.1.11a (3.1.11a)
\pgfsyssoftpath@smallbuffer@items=\count454
\pgfsyssoftpath@bigbuffer@items=\count455
)
(/usr/local/texlive/2026/texmf-dist/tex/generic/pgf/systemlayer/pgfsysprotocol.
code.tex
File: pgfsysprotocol.code.tex 2025-08-29 v3.1.11a (3.1.11a)
))
(/usr/local/texlive/2026/texmf-dist/tex/generic/pgf/basiclayer/pgfcore.code.tex
Package: pgfcore 2025-08-29 v3.1.11a (3.1.11a)
(/usr/local/texlive/2026/texmf-dist/tex/generic/pgf/math/pgfmath.code.tex
(/usr/local/texlive/2026/texmf-dist/tex/generic/pgf/math/pgfmathutil.code.tex)
(/usr/local/texlive/2026/texmf-dist/tex/generic/pgf/math/pgfmathparser.code.tex
\pgfmath@dimen=\dimen180
\pgfmath@count=\count456
\pgfmath@box=\box60
\pgfmath@toks=\toks44
\pgfmath@stack@operand=\toks45
\pgfmath@stack@operation=\toks46
)
(/usr/local/texlive/2026/texmf-dist/tex/generic/pgf/math/pgfmathfunctions.code.
tex)
(/usr/local/texlive/2026/texmf-dist/tex/generic/pgf/math/pgfmathfunctions.basic
.code.tex)
(/usr/local/texlive/2026/texmf-dist/tex/generic/pgf/math/pgfmathfunctions.trigo
nometric.code.tex)
(/usr/local/texlive/2026/texmf-dist/tex/generic/pgf/math/pgfmathfunctions.rando
m.code.tex)
(/usr/local/texlive/2026/texmf-dist/tex/generic/pgf/math/pgfmathfunctions.compa
rison.code.tex)
(/usr/local/texlive/2026/texmf-dist/tex/generic/pgf/math/pgfmathfunctions.base.
code.tex)
(/usr/local/texlive/2026/texmf-dist/tex/generic/pgf/math/pgfmathfunctions.round
.code.tex)
(/usr/local/texlive/2026/texmf-dist/tex/generic/pgf/math/pgfmathfunctions.misc.
code.tex)
(/usr/local/texlive/2026/texmf-dist/tex/generic/pgf/math/pgfmathfunctions.integ
erarithmetics.code.tex)
(/usr/local/texlive/2026/texmf-dist/tex/generic/pgf/math/pgfmathcalc.code.tex)
(/usr/local/texlive/2026/texmf-dist/tex/generic/pgf/math/pgfmathfloat.code.tex
\c@pgfmathroundto@lastzeros=\count457
)) (/usr/local/texlive/2026/texmf-dist/tex/generic/pgf/math/pgfint.code.tex)
(/usr/local/texlive/2026/texmf-dist/tex/generic/pgf/basiclayer/pgfcorepoints.co
de.tex
File: pgfcorepoints.code.tex 2025-08-29 v3.1.11a (3.1.11a)
\pgf@picminx=\dimen181
\pgf@picmaxx=\dimen182
\pgf@picminy=\dimen183
\pgf@picmaxy=\dimen184
\pgf@pathminx=\dimen185
\pgf@pathmaxx=\dimen186
\pgf@pathminy=\dimen187
\pgf@pathmaxy=\dimen188
\pgf@xx=\dimen189
\pgf@xy=\dimen190
\pgf@yx=\dimen191
\pgf@yy=\dimen192
\pgf@zx=\dimen193
\pgf@zy=\dimen194
)
(/usr/local/texlive/2026/texmf-dist/tex/generic/pgf/basiclayer/pgfcorepathconst
ruct.code.tex
File: pgfcorepathconstruct.code.tex 2025-08-29 v3.1.11a (3.1.11a)
\pgf@path@lastx=\dimen195
\pgf@path@lasty=\dimen196
)
(/usr/local/texlive/2026/texmf-dist/tex/generic/pgf/basiclayer/pgfcorepathusage
.code.tex
File: pgfcorepathusage.code.tex 2025-08-29 v3.1.11a (3.1.11a)
\pgf@shorten@end@additional=\dimen197
\pgf@shorten@start@additional=\dimen198
)
(/usr/local/texlive/2026/texmf-dist/tex/generic/pgf/basiclayer/pgfcorescopes.co
de.tex
File: pgfcorescopes.code.tex 2025-08-29 v3.1.11a (3.1.11a)
\pgfpic=\box61
\pgf@hbox=\box62
\pgf@layerbox@main=\box63
\pgf@picture@serial@count=\count458
)
(/usr/local/texlive/2026/texmf-dist/tex/generic/pgf/basiclayer/pgfcoregraphicst
ate.code.tex
File: pgfcoregraphicstate.code.tex 2025-08-29 v3.1.11a (3.1.11a)
\pgflinewidth=\dimen199
)
(/usr/local/texlive/2026/texmf-dist/tex/generic/pgf/basiclayer/pgfcoretransform
ations.code.tex
File: pgfcoretransformations.code.tex 2025-08-29 v3.1.11a (3.1.11a)
\pgf@pt@x=\dimen256
\pgf@pt@y=\dimen257
\pgf@pt@temp=\dimen258
)
(/usr/local/texlive/2026/texmf-dist/tex/generic/pgf/basiclayer/pgfcorequick.cod
e.tex
File: pgfcorequick.code.tex 2025-08-29 v3.1.11a (3.1.11a)
)
(/usr/local/texlive/2026/texmf-dist/tex/generic/pgf/basiclayer/pgfcoreobjects.c
ode.tex
File: pgfcoreobjects.code.tex 2025-08-29 v3.1.11a (3.1.11a)
)
(/usr/local/texlive/2026/texmf-dist/tex/generic/pgf/basiclayer/pgfcorepathproce
ssing.code.tex
File: pgfcorepathprocessing.code.tex 2025-08-29 v3.1.11a (3.1.11a)
)
(/usr/local/texlive/2026/texmf-dist/tex/generic/pgf/basiclayer/pgfcorearrows.co
de.tex
File: pgfcorearrows.code.tex 2025-08-29 v3.1.11a (3.1.11a)
\pgfarrowsep=\dimen259
)
(/usr/local/texlive/2026/texmf-dist/tex/generic/pgf/basiclayer/pgfcoreshade.cod
e.tex
File: pgfcoreshade.code.tex 2025-08-29 v3.1.11a (3.1.11a)
\pgf@max=\dimen260
\pgf@sys@shading@range@num=\count459
\pgf@shadingcount=\count460
)
(/usr/local/texlive/2026/texmf-dist/tex/generic/pgf/basiclayer/pgfcoreimage.cod
e.tex
File: pgfcoreimage.code.tex 2025-08-29 v3.1.11a (3.1.11a)
)
(/usr/local/texlive/2026/texmf-dist/tex/generic/pgf/basiclayer/pgfcoreexternal.
code.tex
File: pgfcoreexternal.code.tex 2025-08-29 v3.1.11a (3.1.11a)
\pgfexternal@startupbox=\box64
)
(/usr/local/texlive/2026/texmf-dist/tex/generic/pgf/basiclayer/pgfcorelayers.co
de.tex
File: pgfcorelayers.code.tex 2025-08-29 v3.1.11a (3.1.11a)
)
(/usr/local/texlive/2026/texmf-dist/tex/generic/pgf/basiclayer/pgfcoretranspare
ncy.code.tex
File: pgfcoretransparency.code.tex 2025-08-29 v3.1.11a (3.1.11a)
)
(/usr/local/texlive/2026/texmf-dist/tex/generic/pgf/basiclayer/pgfcorepatterns.
code.tex
File: pgfcorepatterns.code.tex 2025-08-29 v3.1.11a (3.1.11a)
)
(/usr/local/texlive/2026/texmf-dist/tex/generic/pgf/basiclayer/pgfcorerdf.code.
tex
File: pgfcorerdf.code.tex 2025-08-29 v3.1.11a (3.1.11a)
)))
(/usr/local/texlive/2026/texmf-dist/tex/generic/pgf/modules/pgfmoduleshapes.cod
e.tex
File: pgfmoduleshapes.code.tex 2025-08-29 v3.1.11a (3.1.11a)
\pgfnodeparttextbox=\box65
)
(/usr/local/texlive/2026/texmf-dist/tex/generic/pgf/modules/pgfmoduleplot.code.
tex
File: pgfmoduleplot.code.tex 2025-08-29 v3.1.11a (3.1.11a)
)
(/usr/local/texlive/2026/texmf-dist/tex/latex/pgf/compatibility/pgfcomp-version
-0-65.sty
Package: pgfcomp-version-0-65 2025-08-29 v3.1.11a (3.1.11a)
\pgf@nodesepstart=\dimen261
\pgf@nodesepend=\dimen262
)
(/usr/local/texlive/2026/texmf-dist/tex/latex/pgf/compatibility/pgfcomp-version
-1-18.sty
Package: pgfcomp-version-1-18 2025-08-29 v3.1.11a (3.1.11a)
))
(/usr/local/texlive/2026/texmf-dist/tex/latex/pgf/utilities/pgffor.sty
(/usr/local/texlive/2026/texmf-dist/tex/latex/pgf/utilities/pgfkeys.sty
(/usr/local/texlive/2026/texmf-dist/tex/generic/pgf/utilities/pgfkeys.code.tex)
) (/usr/local/texlive/2026/texmf-dist/tex/latex/pgf/math/pgfmath.sty
(/usr/local/texlive/2026/texmf-dist/tex/generic/pgf/math/pgfmath.code.tex))
(/usr/local/texlive/2026/texmf-dist/tex/generic/pgf/utilities/pgffor.code.tex
Package: pgffor 2025-08-29 v3.1.11a (3.1.11a)
\pgffor@iter=\dimen263
\pgffor@skip=\dimen264
\pgffor@stack=\toks47
\pgffor@toks=\toks48
))
(/usr/local/texlive/2026/texmf-dist/tex/generic/pgf/frontendlayer/tikz/tikz.cod
e.tex
Package: tikz 2025-08-29 v3.1.11a (3.1.11a)

(/usr/local/texlive/2026/texmf-dist/tex/generic/pgf/libraries/pgflibraryplothan
dlers.code.tex
File: pgflibraryplothandlers.code.tex 2025-08-29 v3.1.11a (3.1.11a)
\pgf@plot@mark@count=\count461
\pgfplotmarksize=\dimen265
)
\tikz@lastx=\dimen266
\tikz@lasty=\dimen267
\tikz@lastxsaved=\dimen268
\tikz@lastysaved=\dimen269
\tikz@lastmovetox=\dimen270
\tikz@lastmovetoy=\dimen271
\tikzleveldistance=\dimen272
\tikzsiblingdistance=\dimen273
\tikz@figbox=\box66
\tikz@figbox@bg=\box67
\tikz@tempbox=\box68
\tikz@tempbox@bg=\box69
\tikztreelevel=\count462
\tikznumberofchildren=\count463
\tikznumberofcurrentchild=\count464
\tikz@fig@count=\count465

(/usr/local/texlive/2026/texmf-dist/tex/generic/pgf/modules/pgfmodulematrix.cod
e.tex
File: pgfmodulematrix.code.tex 2025-08-29 v3.1.11a (3.1.11a)
\pgfmatrixcurrentrow=\count466
\pgfmatrixcurrentcolumn=\count467
\pgf@matrix@numberofcolumns=\count468
)
\tikz@expandcount=\count469

(/usr/local/texlive/2026/texmf-dist/tex/generic/pgf/frontendlayer/tikz/librarie
s/tikzlibrarytopaths.code.tex
File: tikzlibrarytopaths.code.tex 2025-08-29 v3.1.11a (3.1.11a)
)))
(/usr/local/texlive/2026/texmf-dist/tex/latex/pgfplots/pgfplots.sty
(/usr/local/texlive/2026/texmf-dist/tex/generic/pgfplots/pgfplots.revision.tex)
Package: pgfplots 2025/08/14 v1.18.2 Data Visualization (1.18.2)
(/usr/local/texlive/2026/texmf-dist/tex/generic/pgfplots/pgfplots.code.tex
(/usr/local/texlive/2026/texmf-dist/tex/generic/pgfplots/pgfplotscore.code.tex
\t@pgfplots@toka=\toks49
\t@pgfplots@tokb=\toks50
\t@pgfplots@tokc=\toks51
\pgfplots@tmpa=\dimen274
\c@pgfplots@coordindex=\count470
\c@pgfplots@scanlineindex=\count471

(/usr/local/texlive/2026/texmf-dist/tex/generic/pgfplots/sys/pgfplotssysgeneric
.code.tex))
(/usr/local/texlive/2026/texmf-dist/tex/generic/pgfplots/libs/pgfplotslibrary.c
ode.tex)
(/usr/local/texlive/2026/texmf-dist/tex/generic/pgfplots/oldpgfcompatib/pgfplot
soldpgfsupp_loader.code.tex
(/usr/local/texlive/2026/texmf-dist/tex/generic/pgf/libraries/pgflibraryfpu.cod
e.tex)
(/usr/local/texlive/2026/texmf-dist/tex/generic/pgfplots/oldpgfcompatib/pgfplot
soldpgfsupp_pgfutil-common-lists.tex))
(/usr/local/texlive/2026/texmf-dist/tex/generic/pgfplots/util/pgfplotsutil.code
.tex
(/usr/local/texlive/2026/texmf-dist/tex/generic/pgfplots/liststructure/pgfplots
liststructure.code.tex)
(/usr/local/texlive/2026/texmf-dist/tex/generic/pgfplots/liststructure/pgfplots
liststructureext.code.tex)
(/usr/local/texlive/2026/texmf-dist/tex/generic/pgfplots/liststructure/pgfplots
array.code.tex
\c@pgfplotsarray@tmp=\count472
)
(/usr/local/texlive/2026/texmf-dist/tex/generic/pgfplots/liststructure/pgfplots
matrix.code.tex)
(/usr/local/texlive/2026/texmf-dist/tex/generic/pgfplots/numtable/pgfplotstable
shared.code.tex
\c@pgfplotstable@counta=\count473
\t@pgfplotstable@a=\toks52
)
(/usr/local/texlive/2026/texmf-dist/tex/generic/pgfplots/liststructure/pgfplots
deque.code.tex)
(/usr/local/texlive/2026/texmf-dist/tex/generic/pgfplots/util/pgfplotsbinary.co
de.tex
(/usr/local/texlive/2026/texmf-dist/tex/generic/pgfplots/util/pgfplotsbinary.da
ta.code.tex))
(/usr/local/texlive/2026/texmf-dist/tex/generic/pgfplots/util/pgfplotsutil.verb
.code.tex)
(/usr/local/texlive/2026/texmf-dist/tex/generic/pgfplots/libs/pgflibrarypgfplot
s.surfshading.code.tex
\c@pgfplotslibrarysurf@no=\count474

(/usr/local/texlive/2026/texmf-dist/tex/generic/pgfplots/sys/pgflibrarypgfplots
.surfshading.pgfsys-pdftex.def)))
(/usr/local/texlive/2026/texmf-dist/tex/generic/pgfplots/util/pgfplotscolormap.
code.tex
(/usr/local/texlive/2026/texmf-dist/tex/generic/pgfplots/util/pgfplotscolor.cod
e.tex))
(/usr/local/texlive/2026/texmf-dist/tex/generic/pgfplots/pgfplotsstackedplots.c
ode.tex)
(/usr/local/texlive/2026/texmf-dist/tex/generic/pgfplots/pgfplotsplothandlers.c
ode.tex
(/usr/local/texlive/2026/texmf-dist/tex/generic/pgfplots/pgfplotsmeshplothandle
r.code.tex
(/usr/local/texlive/2026/texmf-dist/tex/generic/pgfplots/pgfplotsmeshplotimage.
code.tex)))
(/usr/local/texlive/2026/texmf-dist/tex/generic/pgfplots/pgfplots.scaling.code.
tex)
(/usr/local/texlive/2026/texmf-dist/tex/generic/pgfplots/pgfplotscoordprocessin
g.code.tex)
(/usr/local/texlive/2026/texmf-dist/tex/generic/pgfplots/pgfplots.errorbars.cod
e.tex)
(/usr/local/texlive/2026/texmf-dist/tex/generic/pgfplots/pgfplots.markers.code.
tex)
(/usr/local/texlive/2026/texmf-dist/tex/generic/pgfplots/pgfplotsticks.code.tex
)
(/usr/local/texlive/2026/texmf-dist/tex/generic/pgfplots/pgfplots.paths.code.te
x)
(/usr/local/texlive/2026/texmf-dist/tex/generic/pgf/frontendlayer/tikz/librarie
s/tikzlibrarydecorations.code.tex
(/usr/local/texlive/2026/texmf-dist/tex/generic/pgf/modules/pgfmoduledecoration
s.code.tex
\pgfdecoratedcompleteddistance=\dimen275
\pgfdecoratedremainingdistance=\dimen276
\pgfdecoratedinputsegmentcompleteddistance=\dimen277
\pgfdecoratedinputsegmentremainingdistance=\dimen278
\pgf@decorate@distancetomove=\dimen279
\pgf@decorate@repeatstate=\count475
\pgfdecorationsegmentamplitude=\dimen280
\pgfdecorationsegmentlength=\dimen281
)
\tikz@lib@dec@box=\box70
)
(/usr/local/texlive/2026/texmf-dist/tex/generic/pgf/frontendlayer/tikz/librarie
s/tikzlibrarydecorations.pathmorphing.code.tex
(/usr/local/texlive/2026/texmf-dist/tex/generic/pgf/libraries/decorations/pgfli
brarydecorations.pathmorphing.code.tex))
(/usr/local/texlive/2026/texmf-dist/tex/generic/pgf/frontendlayer/tikz/librarie
s/tikzlibrarydecorations.pathreplacing.code.tex
(/usr/local/texlive/2026/texmf-dist/tex/generic/pgf/libraries/decorations/pgfli
brarydecorations.pathreplacing.code.tex))
(/usr/local/texlive/2026/texmf-dist/tex/generic/pgfplots/libs/tikzlibrarypgfplo
ts.contourlua.code.tex)
\pgfplots@numplots=\count476
\pgfplots@xmin@reg=\dimen282
\pgfplots@xmax@reg=\dimen283
\pgfplots@ymin@reg=\dimen284
\pgfplots@ymax@reg=\dimen285
\pgfplots@zmin@reg=\dimen286
\pgfplots@zmax@reg=\dimen287
)
(/usr/local/texlive/2026/texmf-dist/tex/generic/pgf/frontendlayer/tikz/librarie
s/tikzlibraryplotmarks.code.tex
File: tikzlibraryplotmarks.code.tex 2025-08-29 v3.1.11a (3.1.11a)

(/usr/local/texlive/2026/texmf-dist/tex/generic/pgf/libraries/pgflibraryplotmar
ks.code.tex
File: pgflibraryplotmarks.code.tex 2025-08-29 v3.1.11a (3.1.11a)
)))
(/usr/local/texlive/2026/texmf-dist/tex/latex/pgfplots/pgfplotstable.sty
(/usr/local/texlive/2026/texmf-dist/tex/generic/pgfplots/pgfplots.revision.tex)
Package: pgfplotstable 2025/08/14 v1.18.2 Table typesetting and Pretty-printing
 (1.18.2)

(/usr/local/texlive/2026/texmf-dist/tex/generic/pgfplots/numtable/pgfplotstable
.code.tex
(/usr/local/texlive/2026/texmf-dist/tex/generic/pgfplots/numtable/pgfplotstable
.coltype.code.tex))
(/usr/local/texlive/2026/texmf-dist/tex/latex/tools/array.sty
Package: array 2025/09/25 v2.6n Tabular extension package (FMi)
\col@sep=\dimen288
\ar@mcellbox=\box71
\extrarowheight=\dimen289
\NC@list=\toks53
\extratabsurround=\skip94
\backup@length=\skip95
\ar@cellbox=\box72
))
(/usr/local/texlive/2026/texmf-dist/tex/latex/psnfss/pifont.sty
Package: pifont 2020/03/25 PSNFSS-v9.3 Pi font support (SPQR) 
LaTeX Font Info:    Trying to load font information for U+pzd on input line 63.


(/usr/local/texlive/2026/texmf-dist/tex/latex/psnfss/upzd.fd
File: upzd.fd 2001/06/04 font definitions for U/pzd.
)
LaTeX Font Info:    Trying to load font information for U+psy on input line 64.


(/usr/local/texlive/2026/texmf-dist/tex/latex/psnfss/upsy.fd
File: upsy.fd 2001/06/04 font definitions for U/psy.
))
(/usr/local/texlive/2026/texmf-dist/tex/latex/scrhack/scrhack.sty
Package: scrhack 2024-09-04 v3.42 scrhack emulation package
)
(/usr/local/texlive/2026/texmf-dist/tex/latex/tools/xspace.sty
Package: xspace 2014/10/28 v1.13 Space after command names (DPC,MH)
)
(/usr/local/texlive/2026/texmf-dist/tex/latex/acronym/acronym.sty
Package: acronym 2025/01/17 v1.50 Support for acronyms (Tobias Oetiker)

(/usr/local/texlive/2026/texmf-dist/tex/latex/bigfoot/suffix.sty
Package: suffix 2006/07/15 1.5a Variant command support
)
(/usr/local/texlive/2026/texmf-dist/tex/generic/xstring/xstring.sty
(/usr/local/texlive/2026/texmf-dist/tex/generic/xstring/xstring.tex
\xs_counta=\count477
\xs_countb=\count478
)
Package: xstring 2023/08/22 v1.86 String manipulations (CT)
)
(/usr/local/texlive/2026/texmf-dist/tex/latex/relsize/relsize.sty
Package: relsize 2013/03/29 ver 4.1
)
\AC@clearlist=\toks54
)
(/usr/local/texlive/2026/texmf-dist/tex/generic/pgf/libraries/pgflibraryarrows.
meta.code.tex
File: pgflibraryarrows.meta.code.tex 2025-08-29 v3.1.11a (3.1.11a)
\pgfarrowinset=\dimen290
\pgfarrowlength=\dimen291
\pgfarrowwidth=\dimen292
\pgfarrowlinewidth=\dimen293
)
(/usr/local/texlive/2026/texmf-dist/tex/generic/pgf/frontendlayer/tikz/librarie
s/tikzlibrarypositioning.code.tex
File: tikzlibrarypositioning.code.tex 2025-08-29 v3.1.11a (3.1.11a)
)
(/usr/local/texlive/2026/texmf-dist/tex/generic/pgf/frontendlayer/tikz/librarie
s/tikzlibraryshapes.geometric.code.tex
File: tikzlibraryshapes.geometric.code.tex 2025-08-29 v3.1.11a (3.1.11a)

(/usr/local/texlive/2026/texmf-dist/tex/generic/pgf/libraries/shapes/pgflibrary
shapes.geometric.code.tex
File: pgflibraryshapes.geometric.code.tex 2025-08-29 v3.1.11a (3.1.11a)
))
(/usr/local/texlive/2026/texmf-dist/tex/latex/tools/tabularx.sty
Package: tabularx 2023/12/11 v2.12a `tabularx' package (DPC)
\TX@col@width=\dimen294
\TX@old@table=\dimen295
\TX@old@col=\dimen296
\TX@target=\dimen297
\TX@delta=\dimen298
\TX@cols=\count479
\TX@ftn=\toks55
)
(/usr/local/texlive/2026/texmf-dist/tex/latex/multirow/multirow.sty
Package: multirow 2024/11/12 v2.9 Span multiple rows of a table
\multirow@colwidth=\skip96
\multirow@cntb=\count480
\multirow@dima=\skip97
\bigstrutjot=\dimen299
)
(/usr/local/texlive/2026/texmf-dist/tex/latex/algorithm2e/algorithm2e.sty
Package: algorithm2e 2017/07/18 v5.2 algorithms environments
\c@AlgoLine=\count481
\algocf@hangindent=\skip98

(/usr/local/texlive/2026/texmf-dist/tex/latex/ifoddpage/ifoddpage.sty
Package: ifoddpage 2022/10/18 v1.2 Conditionals for odd/even page detection
\c@checkoddpage=\count482
)
\skiptotal=\skip99
\skiplinenumber=\skip100
\skiprule=\skip101
\skiphlne=\skip102
\skiptext=\skip103
\skiplength=\skip104
\algomargin=\skip105
\skipalgocfslide=\skip106
\algowidth=\dimen300
\inoutsize=\dimen301
\inoutindent=\dimen302
\interspacetitleruled=\dimen303
\interspacealgoruled=\dimen304
\interspacetitleboxruled=\dimen305
\algocf@ruledwidth=\skip107
\algocf@inoutbox=\box73
\algocf@inputbox=\box74
\AlCapSkip=\skip108
\AlCapHSkip=\skip109
\algoskipindent=\skip110
\algocf@nlbox=\box75
\algocf@hangingbox=\box76
\algocf@untilbox=\box77
\algocf@skipuntil=\skip111
\algocf@capbox=\box78
\algocf@lcaptionbox=\skip112
\algoheightruledefault=\skip113
\algoheightrule=\skip114
\algotitleheightruledefault=\skip115
\algotitleheightrule=\skip116
\c@algocfline=\count483
\c@algocfproc=\count484
\c@algocf=\count485
\algocf@algoframe=\box79
\algocf@algobox=\box80
)
(/usr/local/texlive/2026/texmf-dist/tex/latex/subfig/subfig.sty
Package: subfig 2005/06/28 ver: 1.3 subfig package

(/usr/local/texlive/2026/texmf-dist/tex/latex/caption/caption.sty
Package: caption 2023/08/05 v3.6o Customizing captions (AR)

Package tocbasic Info: Loading of class-dependent code for package caption3
(tocbasic)             prevented on line 50.


(/usr/local/texlive/2026/texmf-dist/tex/latex/caption/caption3.sty
Package: caption3 2023/07/31 v2.4d caption3 kernel (AR)
\caption@tempdima=\dimen306
\captionmargin=\dimen307
\caption@leftmargin=\dimen308
\caption@rightmargin=\dimen309
\caption@width=\dimen310
\caption@indent=\dimen311
\caption@parindent=\dimen312
\caption@hangindent=\dimen313
)
\c@caption@flags=\count486
\c@continuedfloat=\count487
)
\c@KVtest=\count488
\sf@farskip=\skip117
\sf@captopadj=\dimen314
\sf@capskip=\skip118
\sf@nearskip=\skip119
\c@subfigure=\count489
\c@subfigure@save=\count490
\c@lofdepth=\count491
\c@subtable=\count492
\c@subtable@save=\count493
\c@lotdepth=\count494
\sf@top=\skip120
\sf@bottom=\skip121
)
(/usr/local/texlive/2026/texmf-dist/tex/latex/listings/listings.sty
\lst@mode=\count495
\lst@gtempboxa=\box81
\lst@token=\toks56
\lst@length=\count496
\lst@currlwidth=\dimen315
\lst@column=\count497
\lst@pos=\count498
\lst@lostspace=\dimen316
\lst@width=\dimen317
\lst@newlines=\count499
\lst@lineno=\count500
\lst@maxwidth=\dimen318

(/usr/local/texlive/2026/texmf-dist/tex/latex/listings/lstpatch.sty
File: lstpatch.sty 2025/11/14 1.11b (Carsten Heinz)
)
(/usr/local/texlive/2026/texmf-dist/tex/latex/listings/lstmisc.sty
File: lstmisc.sty 2025/11/14 1.11b (Carsten Heinz)
\c@lstnumber=\count501
\lst@skipnumbers=\count502
\lst@framebox=\box82
)
(/usr/local/texlive/2026/texmf-dist/tex/latex/listings/listings.cfg
File: listings.cfg 2025/11/14 1.11b listings configuration
))
Package: listings 2025/11/14 1.11b (Carsten Heinz)

==> First Aid for listings.sty no longer applied!
    Expected:
        2024/09/23 1.10c (Carsten Heinz)
    but found:
        2025/11/14 1.11b (Carsten Heinz)
    so I'm assuming it got fixed.
(/usr/local/texlive/2026/texmf-dist/tex/latex/listings/lstlang1.sty
File: lstlang1.sty 2025/11/14 1.11b listings language file
)
(/usr/local/texlive/2026/texmf-dist/tex/latex/listings/lstlang2.sty
File: lstlang2.sty 2025/11/14 1.11b listings language file
)
(/usr/local/texlive/2026/texmf-dist/tex/latex/listings/lstlang3.sty
File: lstlang3.sty 2025/11/14 1.11b listings language file
)
(/usr/local/texlive/2026/texmf-dist/tex/latex/listings/lstlang1.sty
File: lstlang1.sty 2025/11/14 1.11b listings language file
)
(/usr/local/texlive/2026/texmf-dist/tex/latex/listings/lstlang2.sty
File: lstlang2.sty 2025/11/14 1.11b listings language file
)
(/usr/local/texlive/2026/texmf-dist/tex/latex/listings/lstlang3.sty
File: lstlang3.sty 2025/11/14 1.11b listings language file
)
(/usr/local/texlive/2026/texmf-dist/tex/latex/listings/lstlang1.sty
File: lstlang1.sty 2025/11/14 1.11b listings language file
)
(/usr/local/texlive/2026/texmf-dist/tex/latex/listings/lstlang2.sty
File: lstlang2.sty 2025/11/14 1.11b listings language file
)
(/usr/local/texlive/2026/texmf-dist/tex/latex/listings/lstlang3.sty
File: lstlang3.sty 2025/11/14 1.11b listings language file
)
(/usr/local/texlive/2026/texmf-dist/tex/latex/listings/lstmisc.sty
File: lstmisc.sty 2025/11/14 1.11b (Carsten Heinz)
)
(./classicthesis.sty
Package: classicthesis 2025/02/02 v4.8 Typographic style for a classic-looking 
thesis

(/usr/local/texlive/2026/texmf-dist/tex/generic/iftex/ifpdf.sty
Package: ifpdf 2019/10/25 v3.4 ifpdf legacy package. Use iftex instead.
)
(/usr/local/texlive/2026/texmf-dist/tex/generic/iftex/ifxetex.sty
Package: ifxetex 2019/10/25 v0.7 ifxetex legacy package. Use iftex instead.
)
(/usr/local/texlive/2026/texmf-dist/tex/generic/iftex/ifluatex.sty
Package: ifluatex 2019/10/25 v1.5 ifluatex legacy package. Use iftex instead.
)
(/usr/local/texlive/2026/texmf-dist/tex/latex/psnfss/mathpazo.sty
Package: mathpazo 2020/03/25 PSNFSS-v9.3 Palatino w/ Pazo Math (D.Puga, WaS) 
\symupright=\mathgroup4
)
(/usr/local/texlive/2026/texmf-dist/tex/latex/bera/beramono.sty
Package: beramono 2004/01/31 (WaS)
)
LaTeX Font Info:    Trying to load font information for T1+pplj on input line 2
36.

(/usr/local/texlive/2026/texmf-dist/tex/latex/psnfss/t1pplj.fd
File: t1pplj.fd 2004/09/06 font definitions for T1/pplj.
)
(/usr/local/texlive/2026/texmf-dist/tex/latex/microtype/microtype.sty
Package: microtype 2026/03/01 v3.2d Micro-typographical refinements (RS)
\MT@toks=\toks57
\MT@tempbox=\box83
\MT@count=\count503
LaTeX Info: Redefining \noprotrusionifhmode on input line 1084.
LaTeX Info: Redefining \leftprotrusion on input line 1085.
\MT@prot@toks=\toks58
LaTeX Info: Redefining \rightprotrusion on input line 1104.
LaTeX Info: Redefining \textls on input line 1449.
\MT@outer@kern=\dimen319
LaTeX Info: Redefining \microtypecontext on input line 2053.
LaTeX Info: Redefining \textmicrotypecontext on input line 2070.
\MT@listname@count=\count504

(/usr/local/texlive/2026/texmf-dist/tex/latex/microtype/microtype-pdftex.def
File: microtype-pdftex.def 2026/03/01 v3.2d Definitions specific to pdftex (RS)

LaTeX Info: Redefining \lsstyle on input line 944.
LaTeX Info: Redefining \lslig on input line 944.
\MT@outer@space=\skip122
)
Package microtype Info: Loading configuration file microtype.cfg.

(/usr/local/texlive/2026/texmf-dist/tex/latex/microtype/microtype.cfg
File: microtype.cfg 2026/03/01 v3.2d microtype main configuration file (RS)
)
LaTeX Info: Redefining \microtypesetup on input line 3065.
)
Package classicthesis Info: A4 paper, Palatino or other on input line 280.
Package typearea Info: These are the values describing the layout:
(typearea)             DIV  = areaset
(typearea)             BCOR = 14.22636pt
(typearea)             \paperwidth      = 597.50793pt
(typearea)              \textwidth      = 336.0pt
(typearea)              \evensidemargin = 92.58438pt
(typearea)              \oddsidemargin  = 24.38356pt
(typearea)             \paperheight     = 845.04694pt
(typearea)              \textheight     = 666.04997pt
(typearea)              \topmargin      = -40.58768pt
(typearea)              \headheight     = 15.95pt
(typearea)              \headsep        = 20.40001pt
(typearea)              \topskip        = 11.0pt
(typearea)              \footskip       = 47.60002pt
(typearea)              \baselineskip   = 13.6pt
(typearea)              on input line 280.

(/usr/local/texlive/2026/texmf-dist/tex/latex/mparhack/mparhack.sty
Package: mparhack 2021-05-02 v1.5 (T. Sgouros and S. Ulrich)
)
(/usr/local/texlive/2026/texmf-dist/tex/latex/booktabs/booktabs.sty
Package: booktabs 2020/01/12 v1.61803398 Publication quality tables
\heavyrulewidth=\dimen320
\lightrulewidth=\dimen321
\cmidrulewidth=\dimen322
\belowrulesep=\dimen323
\belowbottomsep=\dimen324
\aboverulesep=\dimen325
\abovetopsep=\dimen326
\cmidrulesep=\dimen327
\cmidrulekern=\dimen328
\defaultaddspace=\dimen329
\@cmidla=\count505
\@cmidlb=\count506
\@aboverulesep=\dimen330
\@belowrulesep=\dimen331
\@thisruleclass=\count507
\@lastruleclass=\count508
\@thisrulewidth=\dimen332
)
(/usr/local/texlive/2026/texmf-dist/tex/latex/textcase/textcase.sty
Package: textcase 2025/02/16 v1.05 Text only upper/lower case changing (DPC)
Package textcase Info: Defining Legacy names on input line 20.
)
Package classicthesis Info: Using microtype for character spacing.Make sure you
r pdflatex is version 1.40 or higher. on input line 351.

(/usr/local/texlive/2026/texmf-dist/tex/latex/koma-script/scrlayer-scrpage.sty
Package: scrlayer-scrpage 2026/02/02 v3.49.2 KOMA-Script package (end user inte
rface for scrlayer)

(/usr/local/texlive/2026/texmf-dist/tex/latex/koma-script/scrlayer.sty
Package: scrlayer 2026/02/02 v3.49.2 KOMA-Script package (defining layers and p
age styles)
Package scrlayer Info: patching LaTeX kernel macro \pagestyle on input line 217
9.
)
Package scrlayer-scrpage Info: Makeing stand-alone element `pagehead' from
(scrlayer-scrpage)             alias to `pageheadfoot' on input line 1106.
)
(/usr/local/texlive/2026/texmf-dist/tex/latex/titlesec/titlesec.sty
Package: titlesec 2025/01/04 v2.17 Sectioning titles
\ttl@box=\box84
\beforetitleunit=\skip123
\aftertitleunit=\skip124
\ttl@plus=\dimen333
\ttl@minus=\dimen334
\ttl@toksa=\toks59
\titlewidth=\dimen335
\titlewidthlast=\dimen336
\titlewidthfirst=\dimen337


Package titlesec Warning: Non standard sectioning command \section
(titlesec)                detected. Using default spacing and no format.


Package titlesec Warning: Non standard sectioning command \subsection
(titlesec)                detected. Using default spacing and no format.


Package titlesec Warning: Non standard sectioning command \subsubsection
(titlesec)                detected. Using default spacing and no format.


Package titlesec Warning: Non standard sectioning command \paragraph
(titlesec)                detected. Using default spacing and no format.


Package titlesec Warning: Non standard sectioning command \subparagraph
(titlesec)                detected. Using default spacing and no format.

)

Class scrreprt Warning: Usage of package `tocloft' together
(scrreprt)              with a KOMA-Script class is not recommended.
(scrreprt)              I'd suggest to use options like `listof=entryprefix',
(scrreprt)              commands like `\listoflofentryname' or
(scrreprt)              `\listoflotentryname', and `\DeclareTOCStyleEntry' or
(scrreprt)              `\RedeclareSectionCommand' instead of this package,
(scrreprt)              because it breaks several KOMA-Script features of
(scrreprt)              the list of figures, list of tables and table of
(scrreprt)              contents, i.e., options like `listof=numbered',
(scrreprt)              `listof=flat or `toc=flat', commands like
(scrreprt)              `\BeforeTOCHead{...}' and `\AfterTOCHead{...}',
(scrreprt)              `\BeforeStartingTOC{...}' and \AfterStartingTOC{...}',
(scrreprt)              all features of `\DeclareTOCStyleEntry',
(scrreprt)              and the ToC entry features of `\DeclareSecionCommand'
(scrreprt)              and `\RedeclareSectionCommand' of levels
(scrreprt)              `part', `section', `subsection',
(scrreprt)              `subsubsection', `paragraph' and `subparagraph'.
(scrreprt)              Nevertheless, using requested
(scrreprt)              package `tocloft' on input line 450.

(/usr/local/texlive/2026/texmf-dist/tex/latex/tocloft/tocloft.sty
Package: tocloft 2017/08/31 v2.3i parameterised ToC, etc., typesetting
Package tocloft Info: The document has chapter divisions on input line 51.
\cftparskip=\skip125
\cftbeforetoctitleskip=\skip126
\cftaftertoctitleskip=\skip127
\cftbeforepartskip=\skip128
\cftpartnumwidth=\skip129
\cftpartindent=\skip130
\cftbeforechapskip=\skip131
\cftchapindent=\skip132
\cftchapnumwidth=\skip133
\cftbeforesecskip=\skip134
\cftsecindent=\skip135
\cftsecnumwidth=\skip136
\cftbeforesubsecskip=\skip137
\cftsubsecindent=\skip138
\cftsubsecnumwidth=\skip139
\cftbeforesubsubsecskip=\skip140
\cftsubsubsecindent=\skip141
\cftsubsubsecnumwidth=\skip142
\cftbeforeparaskip=\skip143
\cftparaindent=\skip144
\cftparanumwidth=\skip145
\cftbeforesubparaskip=\skip146
\cftsubparaindent=\skip147
\cftsubparanumwidth=\skip148
\cftbeforeloftitleskip=\skip149
\cftafterloftitleskip=\skip150
\cftbeforefigskip=\skip151
\cftfigindent=\skip152
\cftfignumwidth=\skip153
\cftbeforelottitleskip=\skip154
\cftafterlottitleskip=\skip155
\cftbeforetabskip=\skip156
\cfttabindent=\skip157
\cfttabnumwidth=\skip158
\cftbeforesubfigskip=\skip159
\cftsubfigindent=\skip160
\cftsubfignumwidth=\skip161
\cftbeforesubtabskip=\skip162
\cftsubtabindent=\skip163
\cftsubtabnumwidth=\skip164
)
\newnumberwidth=\skip165
\beforebibskip=\skip166
\newchnumberwidth=\skip167
\figurelabelwidth=\skip168
\tablelabelwidth=\skip169

Using KOMA-command "deffootnote" for footnote setup
(/usr/local/texlive/2026/texmf-dist/tex/latex/koma-script/scrtime.sty
Package: scrtime 2026/02/02 v3.49.2 KOMA-Script package (time of LaTeX run)
)
(/usr/local/texlive/2026/texmf-dist/tex/latex/hyperref/hyperref.sty
Package: hyperref 2026-01-29 v7.01p Hypertext links for LaTeX

(/usr/local/texlive/2026/texmf-dist/tex/generic/kvdefinekeys/kvdefinekeys.sty
Package: kvdefinekeys 2019-12-19 v1.6 Define keys (HO)
)
(/usr/local/texlive/2026/texmf-dist/tex/generic/pdfescape/pdfescape.sty
Package: pdfescape 2019/12/09 v1.15 Implements pdfTeX's escape features (HO)
)
(/usr/local/texlive/2026/texmf-dist/tex/latex/hycolor/hycolor.sty
Package: hycolor 2020-01-27 v1.10 Color options for hyperref/bookmark (HO)
)
(/usr/local/texlive/2026/texmf-dist/tex/latex/hyperref/nameref.sty
Package: nameref 2026-01-29 v2.58 Cross-referencing by name of section

(/usr/local/texlive/2026/texmf-dist/tex/latex/refcount/refcount.sty
Package: refcount 2019/12/15 v3.6 Data extraction from label references (HO)
)
(/usr/local/texlive/2026/texmf-dist/tex/generic/gettitlestring/gettitlestring.s
ty
Package: gettitlestring 2019/12/15 v1.6 Cleanup title references (HO)
)
\c@section@level=\count509
) (/usr/local/texlive/2026/texmf-dist/tex/generic/stringenc/stringenc.sty
Package: stringenc 2019/11/29 v1.12 Convert strings between diff. encodings (HO
)
)
\@linkdim=\dimen338
\Hy@linkcounter=\count510
\Hy@pagecounter=\count511

(/usr/local/texlive/2026/texmf-dist/tex/latex/hyperref/pd1enc.def
File: pd1enc.def 2026-01-29 v7.01p Hyperref: PDFDocEncoding definition (HO)
Now handling font encoding PD1 ...
... no UTF-8 mapping file for font encoding PD1
)
(/usr/local/texlive/2026/texmf-dist/tex/generic/intcalc/intcalc.sty
Package: intcalc 2019/12/15 v1.3 Expandable calculations with integers (HO)
)
\Hy@SavedSpaceFactor=\count512

(/usr/local/texlive/2026/texmf-dist/tex/latex/hyperref/puenc.def
File: puenc.def 2026-01-29 v7.01p Hyperref: PDF Unicode definition (HO)
Now handling font encoding PU ...
... no UTF-8 mapping file for font encoding PU
)
Package hyperref Info: Option `hyperfootnotes' set `false' on input line 4072.
Package hyperref Info: Hyper figures OFF on input line 4201.
Package hyperref Info: Link nesting OFF on input line 4206.
Package hyperref Info: Hyper index ON on input line 4209.
Package hyperref Info: Plain pages OFF on input line 4216.
Package hyperref Info: Backreferencing OFF on input line 4221.
Package hyperref Info: Implicit mode ON; LaTeX internals redefined.
Package hyperref Info: Bookmarks ON on input line 4468.
\c@Hy@tempcnt=\count513
LaTeX Info: Redefining \url on input line 4807.
\XeTeXLinkMargin=\dimen339

(/usr/local/texlive/2026/texmf-dist/tex/generic/bitset/bitset.sty
Package: bitset 2019/12/09 v1.3 Handle bit-vector datatype (HO)

(/usr/local/texlive/2026/texmf-dist/tex/generic/bigintcalc/bigintcalc.sty
Package: bigintcalc 2019/12/15 v1.5 Expandable calculations on big integers (HO
)
))
\Fld@menulength=\count514
\Field@Width=\dimen340
\Fld@charsize=\dimen341
Package hyperref Info: Hyper figures OFF on input line 6084.
Package hyperref Info: Link nesting OFF on input line 6089.
Package hyperref Info: Hyper index ON on input line 6092.
Package hyperref Info: backreferencing OFF on input line 6099.
Package hyperref Info: Link coloring OFF on input line 6104.
Package hyperref Info: Link coloring with OCG OFF on input line 6109.
Package hyperref Info: PDF/A mode OFF on input line 6114.
\Hy@abspage=\count515
\c@Item=\count516
)
Package hyperref Info: Driver (autodetected): hpdftex.

(/usr/local/texlive/2026/texmf-dist/tex/latex/hyperref/hpdftex.def
File: hpdftex.def 2026-01-29 v7.01p Hyperref driver for pdfTeX
\Fld@listcount=\count517
\c@bookmark@seq@number=\count518

(/usr/local/texlive/2026/texmf-dist/tex/latex/rerunfilecheck/rerunfilecheck.sty
Package: rerunfilecheck 2025-06-21 v1.11 Rerun checks for auxiliary files (HO)

(/usr/local/texlive/2026/texmf-dist/tex/generic/uniquecounter/uniquecounter.sty
Package: uniquecounter 2019/12/15 v1.4 Provide unlimited unique counter (HO)
)
Package uniquecounter Info: New unique counter `rerunfilecheck' on input line 2
84.
)
\Hy@SectionHShift=\skip170
)
Package hyperref Info: Option `colorlinks' set `true' on input line 732.
Package hyperref Info: Option `linktocpage' set `true' on input line 732.
Package hyperref Info: Option `breaklinks' set `true' on input line 732.
) (/usr/local/texlive/2026/texmf-dist/tex/latex/xurl/xurl.sty
Package: xurl 2022/01/09 v 0.10 modify URL breaks

xurl: Set penalties for biblatex
) (/usr/local/texlive/2026/texmf-dist/tex/latex/tcolorbox/tcolorbox.sty
Package: tcolorbox 2025/11/28 version 6.9.0 text color boxes

(/usr/local/texlive/2026/texmf-dist/tex/latex/tools/verbatim.sty
Package: verbatim 2024-01-22 v1.5x LaTeX2e package for verbatim enhancements
\every@verbatim=\toks60
\verbatim@line=\toks61
\verbatim@in@stream=\read5
)
(/usr/local/texlive/2026/texmf-dist/tex/latex/environ/environ.sty
Package: environ 2014/05/04 v0.3 A new way to define environments

(/usr/local/texlive/2026/texmf-dist/tex/latex/trimspaces/trimspaces.sty
Package: trimspaces 2009/09/17 v1.1 Trim spaces around a token list
))
\tcb@titlebox=\box85
\tcb@upperbox=\box86
\tcb@lowerbox=\box87
\tcb@phantombox=\box88
\c@tcbbreakpart=\count519
\c@tcblayer=\count520
\c@tcolorbox@number=\count521
\l__tcobox_tmpa_box=\box89
\l__tcobox_tmpa_dim=\dimen342
\tcb@temp=\box90
\tcb@temp=\box91
\tcb@temp=\box92
\tcb@temp=\box93

(/usr/local/texlive/2026/texmf-dist/tex/latex/tcolorbox/tcbraster.code.tex
Library (tcolorbox): 'tcbraster.code.tex' version '6.9.0'
\c@tcbrastercolumn=\count522
\c@tcbrasterrow=\count523
\c@tcbrasternum=\count524
\c@tcbraster=\count525
) (/usr/local/texlive/2026/texmf-dist/tex/latex/tcolorbox/tcbskins.code.tex
Library (tcolorbox): 'tcbskins.code.tex' version '6.9.0'
(/usr/local/texlive/2026/texmf-dist/tex/latex/tikzfill/tikzfill.image.sty
Package: tikzfill.image 2023/08/08 v1.0.1 Image filling library for TikZ

(/usr/local/texlive/2026/texmf-dist/tex/latex/tikzfill/tikzfill-common.sty
Package: tikzfill-common 2023/08/08 v1.0.1 Auxiliary code for tikzfill
)
(/usr/local/texlive/2026/texmf-dist/tex/latex/tikzfill/tikzlibraryfill.image.co
de.tex
File: tikzlibraryfill.image.code.tex 2023/08/08 v1.0.1 Image filling library
\l__tikzfill_img_box=\box94
))
(/usr/local/texlive/2026/texmf-dist/tex/latex/tcolorbox/tcbskinsjigsaw.code.tex
Library (tcolorbox): 'tcbskinsjigsaw.code.tex' version '6.9.0'
))
(/usr/local/texlive/2026/texmf-dist/tex/latex/tcolorbox/tcbbreakable.code.tex
Library (tcolorbox): 'tcbbreakable.code.tex' version '6.9.0'
(/usr/local/texlive/2026/texmf-dist/tex/latex/pdfcol/pdfcol.sty
Package: pdfcol 2022-09-21 v1.7 Handle new color stacks for pdfTeX (HO)
)
Package pdfcol Info: New color stack `tcb@breakable' = 1 on input line 23.
\tcb@testbox=\box95
\tcb@totalupperbox=\box96
\tcb@totallowerbox=\box97
)
(/usr/local/texlive/2026/texmf-dist/tex/latex/tcolorbox/tcbhooks.code.tex
Library (tcolorbox): 'tcbhooks.code.tex' version '6.9.0'
) (/usr/local/texlive/2026/texmf-dist/tex/latex/tcolorbox/tcbtheorems.code.tex
Library (tcolorbox): 'tcbtheorems.code.tex' version '6.9.0'
) (/usr/local/texlive/2026/texmf-dist/tex/latex/tcolorbox/tcbfitting.code.tex
Library (tcolorbox): 'tcbfitting.code.tex' version '6.9.0'
\tcbfitdim=\dimen343
\tcb@lowerfitdim=\dimen344
\tcb@upperfitdim=\dimen345
\tcb@cur@hbadness=\count526
)
(/usr/local/texlive/2026/texmf-dist/tex/latex/tcolorbox/tcblistingsutf8.code.te
x
Library (tcolorbox): 'tcblistingsutf8.code.tex' version '6.9.0'
(/usr/local/texlive/2026/texmf-dist/tex/latex/tcolorbox/tcblistings.code.tex
Library (tcolorbox): 'tcblistings.code.tex' version '6.9.0'

(/usr/local/texlive/2026/texmf-dist/tex/latex/tcolorbox/tcblistingscore.code.te
x
Library (tcolorbox): 'tcblistingscore.code.tex' version '6.9.0'
(/usr/local/texlive/2026/texmf-dist/tex/latex/tcolorbox/tcbprocessing.code.tex
Library (tcolorbox): 'tcbprocessing.code.tex' version '6.9.0'
)
\c@tcblisting=\count527
)) (/usr/local/texlive/2026/texmf-dist/tex/latex/listingsutf8/listingsutf8.sty
Package: listingsutf8 2019-12-10 v1.5 Allow UTF-8 in listings input (HO)
)) (/usr/local/texlive/2026/texmf-dist/tex/latex/tcolorbox/tcbexternal.code.tex
Library (tcolorbox): 'tcbexternal.code.tex' version '6.9.0'
) (/usr/local/texlive/2026/texmf-dist/tex/latex/tcolorbox/tcbmagazine.code.tex
Library (tcolorbox): 'tcbmagazine.code.tex' version '6.9.0'
) (/usr/local/texlive/2026/texmf-dist/tex/latex/tcolorbox/tcbvignette.code.tex
Library (tcolorbox): 'tcbvignette.code.tex' version '6.9.0'

(/usr/local/texlive/2026/texmf-dist/tex/generic/pgf/frontendlayer/tikz/librarie
s/tikzlibraryfadings.code.tex
File: tikzlibraryfadings.code.tex 2025-08-29 v3.1.11a (3.1.11a)

(/usr/local/texlive/2026/texmf-dist/tex/generic/pgf/libraries/pgflibraryfadings
.code.tex
File: pgflibraryfadings.code.tex 2025-08-29 v3.1.11a (3.1.11a)
)))
(/usr/local/texlive/2026/texmf-dist/tex/latex/tcolorbox/tcbposter.code.tex
Library (tcolorbox): 'tcbposter.code.tex' version '6.9.0'
)) (/usr/local/texlive/2026/texmf-dist/tex/latex/colortbl/colortbl.sty
Package: colortbl 2024/10/29 v1.0k Color table columns (DPC)
\everycr=\toks62
\minrowclearance=\skip171
\rownum=\count528
)
Package hyperref Info: Option `colorlinks' set `true' on input line 247.
Package hyperref Info: Option `linktocpage' set `true' on input line 247.
Package hyperref Info: Option `breaklinks' set `true' on input line 247.
Package hyperref Info: Option `pageanchor' set `true' on input line 247.
Package hyperref Info: Option `plainpages' set `false' on input line 247.
Package hyperref Info: Option `bookmarksnumbered' set `true' on input line 247.

Package hyperref Info: Option `bookmarksopen' set `true' on input line 247.
Package hyperref Info: Option `hypertexnames' set `true' on input line 247.
)
Package csquotes Info: Checking for multilingual support...
Package csquotes Info: ... found 'babel' package.
Package csquotes Info: Adjusting default style.
Package csquotes Info: Redefining alias 'default' -> 'american'.
Class scrreprt Info: loading recommended package `bookmark'.
(scrreprt)           Using `bookmark' together with `hyperref' is recommended,
(scrreprt)           because of handling of possible bookmark level gaps.
(scrreprt)           You can avoid loading `bookmark' with KOMA-Script option
(scrreprt)           `bookmarkpackage=false' before \begin{document} and
(scrreprt)           you can avoid this message adding:
(scrreprt)             \usepackage{bookmark}
(scrreprt)           before \begin{document} on input line 61.

(/usr/local/texlive/2026/texmf-dist/tex/latex/bookmark/bookmark.sty
Package: bookmark 2023-12-10 v1.31 PDF bookmarks (HO)

(/usr/local/texlive/2026/texmf-dist/tex/latex/bookmark/bkm-pdftex.def
File: bkm-pdftex.def 2023-12-10 v1.31 bookmark driver for pdfTeX and luaTeX (HO
)
\BKM@id=\count529
))
(./ClassicThesis.aux (./FrontBackmatter/Titlepage.aux)
(./FrontBackmatter/Abstract.aux) (./FrontBackmatter/Publications.aux)
(./FrontBackmatter/Acknowledgments.aux) (./FrontBackmatter/Contents.aux)
(./Chapters/Chapter01.aux) (./Chapters/Chapter02_EfficientLanguageModels.aux)
(./Chapters/Chapter02.aux) (./Chapters/Chapter03.aux) (./Chapters/Chapter04.aux
) (./Chapters/Chapter05.aux) (./Chapters/ConclusionAndFutureWork.aux)
(./FrontBackmatter/Bibliography.aux))
\openout1 = `ClassicThesis.aux'.

LaTeX Font Info:    Checking defaults for OML/cmm/m/it on input line 61.
LaTeX Font Info:    ... okay on input line 61.
LaTeX Font Info:    Checking defaults for OMS/cmsy/m/n on input line 61.
LaTeX Font Info:    ... okay on input line 61.
LaTeX Font Info:    Checking defaults for OT1/cmr/m/n on input line 61.
LaTeX Font Info:    ... okay on input line 61.
LaTeX Font Info:    Checking defaults for T1/cmr/m/n on input line 61.
LaTeX Font Info:    ... okay on input line 61.
LaTeX Font Info:    Checking defaults for TS1/cmr/m/n on input line 61.
LaTeX Font Info:    ... okay on input line 61.
LaTeX Font Info:    Checking defaults for OMX/cmex/m/n on input line 61.
LaTeX Font Info:    ... okay on input line 61.
LaTeX Font Info:    Checking defaults for U/cmr/m/n on input line 61.
LaTeX Font Info:    ... okay on input line 61.
LaTeX Font Info:    Checking defaults for PD1/pdf/m/n on input line 61.
LaTeX Font Info:    ... okay on input line 61.
LaTeX Font Info:    Checking defaults for PU/pdf/m/n on input line 61.
LaTeX Font Info:    ... okay on input line 61.
Package scrbase Info: activating american \abstractname on input line 61.
Package scrbase Info: activating american \partname on input line 61.
Package scrbase Info: activating american \chaptername on input line 61.
Package scrbase Info: activating american \appendixname on input line 61.
Package scrbase Info: activating american \figurename on input line 61.
Package scrbase Info: activating american \tablename on input line 61.
Package scrbase Info: activating american \contentsname on input line 61.
Package scrbase Info: activating american \listfigurename on input line 61.
Package scrbase Info: activating american \listtablename on input line 61.
Package scrbase Info: activating american \bibname on input line 61.
Package scrbase Info: activating american \indexname on input line 61.
Package biblatex Info: Trying to load language 'american'...
Package biblatex Info: ... file 'american.lbx' found.

(/usr/local/texlive/2026/texmf-dist/tex/latex/biblatex/lbx/american.lbx
File: american.lbx 2025/07/10 v3.21 biblatex localization (PK/MW)
Package biblatex Info: Trying to load language 'english'...
Package biblatex Info: ... file 'english.lbx' found.

(/usr/local/texlive/2026/texmf-dist/tex/latex/biblatex/lbx/english.lbx
File: english.lbx 2025/07/10 v3.21 biblatex localization (PK/MW)
)
Package biblatex Info: Trying to load language 'english'...
Package biblatex Info: ... file 'english.lbx' found.

(/usr/local/texlive/2026/texmf-dist/tex/latex/biblatex/lbx/english.lbx
File: english.lbx 2025/07/10 v3.21 biblatex localization (PK/MW)
))
Package biblatex Info: Trying to load language 'ngerman'...
Package biblatex Info: ... file 'ngerman.lbx' found.

(/usr/local/texlive/2026/texmf-dist/tex/latex/biblatex/lbx/ngerman.lbx
File: ngerman.lbx 2025/07/10 v3.21 biblatex localization (PK/MW)
Package biblatex Info: Trying to load language 'german'...
Package biblatex Info: ... file 'german.lbx' found.

(/usr/local/texlive/2026/texmf-dist/tex/latex/biblatex/lbx/german.lbx
File: german.lbx 2025/07/10 v3.21 biblatex localization (PK/MW)
)
Package biblatex Info: Trying to load language 'german'...
Package biblatex Info: ... file 'german.lbx' found.

(/usr/local/texlive/2026/texmf-dist/tex/latex/biblatex/lbx/german.lbx
File: german.lbx 2025/07/10 v3.21 biblatex localization (PK/MW)
))
Package biblatex Info: Input encoding 'utf8' detected.
Package biblatex Info: Automatic encoding selection.
(biblatex)             Assuming data encoding 'utf8'.
Package biblatex Info: Input encoding 'utf8' detected.
Package biblatex Info: Data encoding 'utf8' specified.
(biblatex)             No need to reencode data.
\openout3 = `ClassicThesis-blx.bib'.

Package biblatex Info: Trying to load bibliographic data...
Package biblatex Info: ... file 'ClassicThesis.bbl' found.

(./ClassicThesis.bbl

Package biblatex Warning: BibTeX reported the following issues
(biblatex)                with 'qwen2.5':
(biblatex)                - Invalid format of field 'month'.

)
Package biblatex Info: ... file 'ClassicThesis1-blx.bbl' found.
 (./ClassicThesis1-blx.bbl)
Package biblatex Info: Reference section=0 on input line 61.
Package biblatex Info: Reference segment=0 on input line 61.

(/usr/local/texlive/2026/texmf-dist/tex/context/base/mkii/supp-pdf.mkii
[Loading MPS to PDF converter (version 2006.09.02).]
\scratchcounter=\count530
\scratchdimen=\dimen346
\scratchbox=\box98
\nofMPsegments=\count531
\nofMParguments=\count532
\everyMPshowfont=\toks63
\MPscratchCnt=\count533
\MPscratchDim=\dimen347
\MPnumerator=\count534
\makeMPintoPDFobject=\count535
\everyMPtoPDFconversion=\toks64
) (/usr/local/texlive/2026/texmf-dist/tex/latex/epstopdf-pkg/epstopdf-base.sty
Package: epstopdf-base 2020-01-24 v2.11 Base part for package epstopdf
Package epstopdf-base Info: Redefining graphics rule for `.eps' on input line 4
85.

(/usr/local/texlive/2026/texmf-dist/tex/latex/latexconfig/epstopdf-sys.cfg
File: epstopdf-sys.cfg 2010/07/13 v1.3 Configuration of (r)epstopdf for TeX Liv
e
))
(/usr/local/texlive/2026/texmf-dist/tex/latex/pdflscape/pdflscape.sty
Package: pdflscape 2025-06-23 v0.14 Display of landscape pages in PDF

(/usr/local/texlive/2026/texmf-dist/tex/latex/pdflscape/pdflscape-nometadata.st
y
Package: pdflscape-nometadata 2025-06-23 v0.14 Display of landscape pages in PD
F (HO)
 (/usr/local/texlive/2026/texmf-dist/tex/latex/graphics/lscape.sty
Package: lscape 2020/05/28 v3.02 Landscape Pages (DPC)
)
(/usr/local/texlive/2026/texmf-dist/tex/latex/lscapeenhanced/lscapeenhanced.sty
Package: lscapeenhanced 2024-04-16 v1.0 improved lscape package
(/usr/local/texlive/2026/texmf-dist/tex/latex/xpatch/xpatch.sty
Package: xpatch 2020/03/25 v0.3a Extending etoolbox patching commands
)
Package lscapeenhanced Info: \landscape patched to make \textheight change opti
onal on input line 72.
\@lscapeenhanced@textheight=\skip172
)
Package pdflscape Info: Auto-detected driver: pdftex on input line 81.
))
Package pgfplots notification 'compat/show suggested version=true': document ha
s been generated with the most recent feature set (\pgfplotsset{compat=1.18}).

Package caption Info: Begin \AtBeginDocument code.
Package caption Info: subfig package v1.3 is loaded.
Package caption Info: hyperref package is loaded.
Package caption Info: listings package is loaded.
Package caption Info: End \AtBeginDocument code.
\c@lstlisting=\count536
Package tocbasic Info: setting babel extension for `lol' on input line 61.
\scr@dte@lstlisting@maxnumwidth=\skip173
LaTeX Info: Redefining \microtypecontext on input line 61.
Package microtype Info: Applying patch `item' on input line 61.
Package microtype Info: Applying patch `toc' on input line 61.
Package microtype Info: Applying patch `eqnum' on input line 61.
Package microtype Info: Applying patch `footnote' on input line 61.
Package microtype Info: Applying patch `verbatim' on input line 61.
LaTeX Info: Redefining \microtypesetup on input line 61.
Package microtype Info: Generating PDF output.
Package microtype Info: Character protrusion enabled (level 2).
Package microtype Info: Using default protrusion set `alltext'.
Package microtype Info: Automatic font expansion enabled (level 2),
(microtype)             stretch: 20, shrink: 20, step: 1, non-selected.
Package microtype Info: Using default expansion set `alltext-nott'.
Package microtype Info: Patching command `\showhyphens'.
Package microtype Info: No adjustment of tracking.
Package microtype Info: No adjustment of interword spacing.
Package microtype Info: No adjustment of character kerning.
(/usr/local/texlive/2026/texmf-dist/tex/latex/microtype/mt-ppl.cfg
File: mt-ppl.cfg 2005/11/16 v1.6 microtype config. file: Palatino (RS)
)
\c@listings=\count537
\cftbeforelistingsskip=\skip174
\cftlistingsindent=\skip175
\cftlistingsnumwidth=\skip176
\c@loldepth=\count538
\cftbeforeloltitleskip=\skip177
\cftafterloltitleskip=\skip178
\listingslabelwidth=\skip179
Package hyperref Info: Link coloring ON on input line 61.
\openout2 = `FrontBackmatter/Titlepage.aux'.


(./FrontBackmatter/Titlepage.tex
<papers/TUL/exemple.pdf, id=43, 597.50829pt x 845.0471pt>
File: papers/TUL/exemple.pdf Graphic file (type pdf)
<use papers/TUL/exemple.pdf>
Package pdftex.def Info: papers/TUL/exemple.pdf  used on input line 11.
(pdftex.def)             Requested size: 597.50682pt x 845.04504pt.
<papers/TUL/exemple.pdf, id=45, page=1, 597.50829pt x 845.0471pt>
File: papers/TUL/exemple.pdf Graphic file (type pdf)
<use papers/TUL/exemple.pdf, page 1>
Package pdftex.def Info: papers/TUL/exemple.pdf , page1 used on input line 11.
(pdftex.def)             Requested size: 597.50682pt x 845.04504pt.
File: papers/TUL/exemple.pdf Graphic file (type pdf)
<use papers/TUL/exemple.pdf, page 1>
Package pdftex.def Info: papers/TUL/exemple.pdf , page1 used on input line 11.
(pdftex.def)             Requested size: 597.53416pt x 845.08372pt.
File: papers/TUL/exemple.pdf Graphic file (type pdf)
<use papers/TUL/exemple.pdf, page 1>
Package pdftex.def Info: papers/TUL/exemple.pdf , page1 used on input line 11.
(pdftex.def)             Requested size: 597.53416pt x 845.08372pt.
File: papers/TUL/exemple.pdf Graphic file (type pdf)
<use papers/TUL/exemple.pdf, page 1>
Package pdftex.def Info: papers/TUL/exemple.pdf , page1 used on input line 11.
(pdftex.def)             Requested size: 597.53416pt x 845.08372pt.
File: papers/TUL/exemple.pdf Graphic file (type pdf)
<use papers/TUL/exemple.pdf, page 1>
Package pdftex.def Info: papers/TUL/exemple.pdf , page1 used on input line 11.
(pdftex.def)             Requested size: 597.53416pt x 845.08372pt.
 [1



 <./papers/TUL/exemple.pdf{/usr/local/texlive/2026/texmf-var/fonts/map/pdftex/u
pdmap/pdftex.map}>]
<papers/TUL/exemple.pdf, id=99, page=2, 597.50829pt x 845.0471pt>
File: papers/TUL/exemple.pdf Graphic file (type pdf)
<use papers/TUL/exemple.pdf, page 2>
Package pdftex.def Info: papers/TUL/exemple.pdf , page2 used on input line 11.
(pdftex.def)             Requested size: 597.53416pt x 845.08372pt.
File: papers/TUL/exemple.pdf Graphic file (type pdf)
<use papers/TUL/exemple.pdf, page 2>
Package pdftex.def Info: papers/TUL/exemple.pdf , page2 used on input line 11.
(pdftex.def)             Requested size: 597.53416pt x 845.08372pt.
File: papers/TUL/exemple.pdf Graphic file (type pdf)
<use papers/TUL/exemple.pdf, page 2>
Package pdftex.def Info: papers/TUL/exemple.pdf , page2 used on input line 11.
(pdftex.def)             Requested size: 597.53416pt x 845.08372pt.
 [2

 <./papers/TUL/exemple.pdf>])
\openout2 = `FrontBackmatter/Abstract.aux'.

 (./FrontBackmatter/Abstract.tex
LaTeX Font Info:    Trying to load font information for OT1+pplx on input line 
12.

(/usr/local/texlive/2026/texmf-dist/tex/latex/psnfss/ot1pplx.fd
File: ot1pplx.fd 2004/09/06 font definitions for OT1/pplx.
)
LaTeX Font Info:    Trying to load font information for OML+zplm on input line 
12.

(/usr/local/texlive/2026/texmf-dist/tex/latex/psnfss/omlzplm.fd
File: omlzplm.fd 2002/09/08 Fontinst v1.914 font definitions for OML/zplm.
)
LaTeX Font Info:    Trying to load font information for OMS+zplm on input line 
12.

(/usr/local/texlive/2026/texmf-dist/tex/latex/psnfss/omszplm.fd
File: omszplm.fd 2002/09/08 Fontinst v1.914 font definitions for OMS/zplm.
)
LaTeX Font Info:    Trying to load font information for OMX+zplm on input line 
12.

(/usr/local/texlive/2026/texmf-dist/tex/latex/psnfss/omxzplm.fd
File: omxzplm.fd 2002/09/08 Fontinst v1.914 font definitions for OMX/zplm.
)
LaTeX Font Info:    Trying to load font information for OT1+zplm on input line 
12.

(/usr/local/texlive/2026/texmf-dist/tex/latex/psnfss/ot1zplm.fd
File: ot1zplm.fd 2002/09/08 Fontinst v1.914 font definitions for OT1/zplm.
)
Package microtype Info: Loading generic protrusion settings for font family
(microtype)             `zplm' (encoding: OT1).
(microtype)             For optimal results, create family-specific settings.
(microtype)             See the microtype manual for details.
) [3





{/usr/local/texlive/2026/texmf-dist/fonts/enc/dvips/base/8r.enc}] [4




]
\openout2 = `FrontBackmatter/Publications.aux'.


(./FrontBackmatter/Publications.tex
\blx@maxsegment@1=\count539
\blx@sectionciteorder@1=\count540
Package biblatex Info: Reference section=1 on input line 8.
\openout3 = `ClassicThesis1-blx.aux'.

Package biblatex Info: Setting label 'refsection:1' on input line 8.
Package microtype Info: Character `029' is missing
(microtype)             in font `T1/pplj/m/sc/10.95'.
(microtype)             Ignoring protrusion settings for this character.
LaTeX Font Info:    Trying to load font information for T1+fvm on input line 10
.

(/usr/local/texlive/2026/texmf-dist/tex/latex/bera/t1fvm.fd
File: t1fvm.fd 2004/09/07 scalable font definitions for T1/fvm.
)
LaTeX Font Info:    Font shape `T1/fvm/m/n' will be
(Font)              scaled to size 9.30756pt on input line 10.
Package microtype Info: Loading generic protrusion settings for font family
(microtype)             `fvm' (encoding: T1).
(microtype)             For optimal results, create family-specific settings.
(microtype)             See the microtype manual for details.
Package biblatex Info: Reference section=0 on input line 11.
) [5



] [6




]
\openout2 = `FrontBackmatter/Acknowledgments.aux'.


(./FrontBackmatter/Acknowledgments.tex
LaTeX Font Info:    Font shape `T1/pplj/m/sl' in size <10.95> not available
(Font)              Font shape `T1/pplj/m/it' tried instead on input line 7.
) [7

] [8




]
\openout2 = `FrontBackmatter/Contents.aux'.

 (./FrontBackmatter/Contents.tex
Package tocbasic Info: character protrusion at toc deactivated on input line 11
.
(./ClassicThesis.toc
Overfull \hbox (15.56456pt too wide) in paragraph at lines 7--7
 [][] []\T1/pplj/m/n/10.95 (-20) The Trans-former, the best ma-chine lan-guage 
learner? []  
 []


Overfull \hbox (3.33008pt too wide) in paragraph at lines 18--18
 [][] []\T1/pplj/m/n/10.95 (-20) The best train-ing ob-jec-tive for com-pres-si
on []  
 []

[9



]
Overfull \hbox (22.44344pt too wide) in paragraph at lines 124--124
 [][] []\T1/pplj/m/n/10.95 (-20) Wolof-Specific Hu-BERT Con-tin-ued Pre-train-i
ng []  
 []


Overfull \hbox (12.4649pt too wide) in paragraph at lines 127--127
 [][] []\T1/pplj/m/n/10.95 (-20) Supervised ASR Fine-Tuning and Eval-u-a-tion [
]  
 []


Overfull \hbox (23.2944pt too wide) in paragraph at lines 130--130
 [][] []\T1/pplj/m/n/10.95 (-20) From a Speech En-coder to a Wolof Speech LLM [
]  
 []

[10]
Overfull \hbox (3.75697pt too wide) in paragraph at lines 166--166
 [][] []\T1/pplj/m/n/10.95 (-20) Transformer MLPs as Key-Value Mem-o-ries []  
 []

)
\tf@toc=\write5
\openout5 = `ClassicThesis.toc'.

 [11]
Package tocbasic Info: character protrusion at lof deactivated on input line 29
.
 (./ClassicThesis.lof
Overfull \hbox (31.68808pt too wide) in paragraph at lines 14--14
 \T1/pplj/m/n/10.95 (-20) taken from [][]https://blog.squeezebits.com/vocabular
y- 
 []


Overfull \hbox (7.29114pt too wide) in paragraph at lines 20--20
 [][] []\T1/pplj/m/n/10.95 (-20) Fixed-token scal-ing view of Chin-chilla and L
lama 
 []


Overfull \hbox (23.55229pt too wide) in paragraph at lines 22--22
 \T1/pplj/m/n/10.95 (-20) taken from the orig-i-nal pa-per  ([][][]Xia et al., 
2024[][]) []  
 []


Overfull \hbox (1.8566pt too wide) in paragraph at lines 24--24
 [][] []\T1/pplj/m/n/10.95 (-20) Sequence-level dis-til-la-tion. The teacher fi
rst gen- 
 []


Overfull \hbox (11.44049pt too wide) in paragraph at lines 25--25
 [][] []\T1/pplj/m/n/10.95 (-20) Off-policy dis-til-la-tion. The stu-dent and t
he teacher 
 []

[12

]
Overfull \hbox (20.58307pt too wide) in paragraph at lines 32--32
 \T1/pplj/m/n/10.95 (-20) perts. Fig-ure adapted from ([][][]Jiang et al., 2024
[][]). []  
 []


Overfull \hbox (18.27327pt too wide) in paragraph at lines 33--33
 \T1/pplj/m/n/10.95 (-20) expert-choice pat-terns in NLLB-200. Fig-ure adapted 

 []


Overfull \hbox (13.44235pt too wide) in paragraph at lines 34--34
 [][] []\T1/pplj/m/n/10.95 (-20) LongCat-Flash ar-chi-tec-ture with zero-comput
ation 
 []


Overfull \hbox (4.18927pt too wide) in paragraph at lines 34--34
 \T1/pplj/m/n/10.95 (-20) from ([][][]Meituan Long-Cat Team et al., 2025[][]). 
[]  
 []

[13]
Overfull \hbox (20.09312pt too wide) in paragraph at lines 42--42
 [][] []\T1/pplj/m/n/10.95 (-20) Accelerating con-ver-gence through a joint los
s []  
 []


Overfull \hbox (17.91742pt too wide) in paragraph at lines 46--46
 \T1/pplj/m/n/10.95 (-20) rank ma-tri-ces while gray boxes are non-compressed 
 []


Overfull \hbox (3.04277pt too wide) in paragraph at lines 46--46
 \T1/pplj/m/n/10.95 (-20) ones. $\OML/zplm/m/it/10.95 l[]$\T1/pplj/m/n/10.95 (-
20) , $\OML/zplm/m/it/10.95 l[]$\T1/pplj/m/n/10.95 (-20) , ..., $\OML/zplm/m/it
/10.95 l[]$\T1/pplj/m/n/10.95 (-20) , $\OML/zplm/m/it/10.95 l[]$ \T1/pplj/m/n/1
0.95 (-20) are the layer in-dices. []  
 []


Overfull \hbox (0.87671pt too wide) in paragraph at lines 49--49
 [][] []\T1/pplj/b/n/10.95 (-20) SVD ini-tial-iza-tion im-proves sam-ple ef-fi-
ciency\T1/pplj/m/n/10.95 (-20) . 
 []


Overfull \hbox (2.97409pt too wide) in paragraph at lines 49--49
 \T1/pplj/m/n/10.95 (-20) Con-ver-gence when ini-tial-iz-ing low-rank weights 
 []


Overfull \hbox (12.17441pt too wide) in paragraph at lines 53--53
 [][] []\T1/pplj/m/n/10.95 (-20) Head shear-ing of the Whis-per em-bed-ding thr
ough 
 []


Overfull \hbox (0.93658pt too wide) in paragraph at lines 55--55
 [][] []\T1/pplj/m/n/10.95 (-20) Activation sim-i-lar-i-ties be-tween all decod
er-layer 
 []

[14]
Overfull \hbox (21.10683pt too wide) in paragraph at lines 68--68
 [][] []\T1/pplj/m/n/10.95 (-20) Effective di-men-sion and rel-a-tive ex-pert w
idth []  
 []


Overfull \hbox (16.65952pt too wide) in paragraph at lines 69--69
 [][] []\T1/pplj/m/n/10.95 (-20) Training dy-nam-ics of the adap-tive ZoN gate.
 []  
 []

)
\tf@lof=\write6
\openout6 = `ClassicThesis.lof'.

Package tocbasic Info: character protrusion at lot deactivated on input line 39
.
 (./ClassicThesis.lot [15]
Overfull \hbox (15.15933pt too wide) in paragraph at lines 19--19
 \T1/pplj/m/n/10.95 (-20) Larger vo-cab-u-lar-ies add pa-ram-e-ters. Ta-ble ada
pted 
 []

[16]
Overfull \hbox (0.14745pt too wide) in paragraph at lines 31--31
 [][] []\T1/pplj/m/n/10.95 (-20) Comparing the Wiki-text per-plex-ity con-ver-g
ence 
 []


Overfull \hbox (0.36024pt too wide) in paragraph at lines 31--31
 \T1/pplj/m/n/10.95 (-20) of the three losses for 2M train-ing to-kens. []  
 []


Overfull \hbox (29.97646pt too wide) in paragraph at lines 35--35
 \T1/pplj/m/n/10.95 (-20) tuning. \T1/pplj/b/n/10.95 (-20) Prompt: "Here the st
ory of Steve Jobs:" []  
 []

[17]
Overfull \hbox (7.9686pt too wide) in paragraph at lines 36--36
 \T1/pplj/m/n/10.95 (-20) pressed mod-els, with-out \T1/pplj/m/it/10.95 (-20) a
ny \T1/pplj/m/n/10.95 (-20) fine-tuning. \T1/pplj/b/n/10.95 (-20) Prompt: 
 []


Overfull \hbox (4.06195pt too wide) in paragraph at lines 37--37
 \T1/pplj/m/n/10.95 (-20) 30% com-pressed InkubaLM model for the Hausa 
 []


Overfull \hbox (9.11462pt too wide) in paragraph at lines 43--43
 [][] []\T1/pplj/m/n/10.95 (-20) ASR re-sults af-ter iden-ti-cal su-per-vised f
ine-tuning. 
 []


Overfull \hbox (2.70926pt too wide) in paragraph at lines 51--51
 [][] []\T1/pplj/m/n/10.95 (-20) We check pos-si-ble sam-ple size bi-ases for Q
wen3- 
 []


Overfull \hbox (2.41772pt too wide) in paragraph at lines 52--52
 [][] []\T1/pplj/m/n/10.95 (-20) Model ar-chi-tec-ture and train-ing bud-gets. 
Dense- 
 []

[18])
\tf@lot=\write7
\openout7 = `ClassicThesis.lot'.

 (./ClassicThesis.lol)
\tf@lol=\write8
\openout8 = `ClassicThesis.lol'.

) [19] [20




] [1




] [2]
\openout2 = `Chapters/Chapter01.aux'.

 (./Chapters/Chapter01.tex
Chapter 1.
[3



]
LaTeX Font Info:    Font shape `T1/fvm/m/it' in size <9> not available
(Font)              Font shape `T1/fvm/m/sl' tried instead on input line 98.
LaTeX Font Info:    Font shape `T1/fvm/m/sl' will be
(Font)              scaled to size 7.65005pt on input line 98.
 [4]
Overfull \hbox (8.54797pt too wide) in paragraph at lines 138--138
|[]\T1/pplj/m/sc/10.95/80ls (-20) the trans-former, the best ma-chine lan-guage
 learner?| 
 []

Package microtype Info: Character `029' is missing
(microtype)             in font `T1/pplj/m/sc/10'.
(microtype)             Ignoring protrusion settings for this character.
[5]
<figures/transformer.pdf, id=708, 344.31712pt x 415.5525pt>
File: figures/transformer.pdf Graphic file (type pdf)
<use figures/transformer.pdf>
Package pdftex.def Info: figures/transformer.pdf  used on input line 152.
(pdftex.def)             Requested size: 252.0pt x 304.13705pt.
LaTeX Font Info:    Trying to load font information for U+fplmbb on input line 
159.
 (/usr/local/texlive/2026/texmf-dist/tex/latex/psnfss/ufplmbb.fd
File: ufplmbb.fd 2003/10/30 Fontinst v1.914 font definitions for U/fplmbb.
) [6 <./figures/transformer.pdf>] [7]

LaTeX Warning: `!h' float specifier changed to `!ht'.

[8] [9]
<figures/embedding_parameter_ratio.pdf, id=843, 1174.87308pt x 666.65627pt>
File: figures/embedding_parameter_ratio.pdf Graphic file (type pdf)
<use figures/embedding_parameter_ratio.pdf>
Package pdftex.def Info: figures/embedding_parameter_ratio.pdf  used on input l
ine 426.
(pdftex.def)             Requested size: 336.0pt x 190.65004pt.

Underfull \hbox (badness 10000) in paragraph at lines 428--428
[][]|\T1/pplj/m/n/10 (+20) Share of model stor-age oc-cu-pied by em-bed-ding pa
-
 []


Underfull \hbox (badness 3158) in paragraph at lines 428--428
\T1/pplj/m/n/10 (+20) ram-e-ters across dif-fer-ent model sizes. Data taken fro
m
 []

[10]
<figures/figure6_accuracy.png, id=857, 416.2752pt x 298.9569pt>
File: figures/figure6_accuracy.png Graphic file (type png)
<use figures/figure6_accuracy.png>
Package pdftex.def Info: figures/figure6_accuracy.png  used on input line 469.
(pdftex.def)             Requested size: 161.27856pt x 115.82634pt.
<figures/figure6_cross_entropy.png, id=859, 420.3705pt x 298.9569pt>
File: figures/figure6_cross_entropy.png Graphic file (type png)
<use figures/figure6_cross_entropy.png>
Package pdftex.def Info: figures/figure6_cross_entropy.png  used on input line 
473.
(pdftex.def)             Requested size: 161.27856pt x 114.6996pt.
 [11 <./figures/embedding_parameter_ratio.pdf>] [12 <./figures/figure6_accuracy
.png> <./figures/figure6_cross_entropy.png>]
<figures/wei_emergent_abilities_figure.pdf, id=939, 472.76625pt x 321.2pt>
File: figures/wei_emergent_abilities_figure.pdf Graphic file (type pdf)
<use figures/wei_emergent_abilities_figure.pdf>
Package pdftex.def Info: figures/wei_emergent_abilities_figure.pdf  used on inp
ut line 514.
(pdftex.def)             Requested size: 336.0pt x 228.28395pt.
) [13 <./figures/wei_emergent_abilities_figure.pdf>] [14]
\openout2 = `Chapters/Chapter02_EfficientLanguageModels.aux'.

 (./Chapters/Chapter02_EfficientLanguageModels.tex
Chapter 2.
[15





]

LaTeX Warning: `!h' float specifier changed to `!ht'.

[16] [17]
Package pgfplots info on input line 208: Using 'lua backend=false' for axis: xm
ode=log unsupported (yet).
Package pgfplots info on input line 208: Using 'lua backend=false' for axis: ym
ode=log unsupported (yet).

Overfull \hbox (4.58322pt too wide) in paragraph at lines 261--263
 [][] 
 []

LaTeX Font Info:    Font shape `T1/fvm/m/n' will be
(Font)              scaled to size 8.50006pt on input line 263.
[18]
Overfull \hbox (1.56523pt too wide) in paragraph at lines 353--354
 [][] 
 []

[19] [20]
<figures/shearedllama.pdf, id=1065, 389.455pt x 266.9975pt>
File: figures/shearedllama.pdf Graphic file (type pdf)
<use figures/shearedllama.pdf>
Package pdftex.def Info: figures/shearedllama.pdf  used on input line 426.
(pdftex.def)             Requested size: 309.11938pt x 211.9279pt.
 [21]
Overfull \hbox (1.56523pt too wide) in paragraph at lines 521--522
 [][] 
 []

[22 <./figures/shearedllama.pdf>] [23] [24] [25] [26] [27]
<figures/switch_transformer_figure2.pdf, id=1185, 451.6875pt x 220.825pt>
File: figures/switch_transformer_figure2.pdf Graphic file (type pdf)
<use figures/switch_transformer_figure2.pdf>
Package pdftex.def Info: figures/switch_transformer_figure2.pdf  used on input 
line 913.
(pdftex.def)             Requested size: 336.0pt x 164.27727pt.
 [28 <./figures/switch_transformer_figure2.pdf>]
<figures/loss_vs_log_params.pdf, id=1263, 722.7pt x 578.16pt>
File: figures/loss_vs_log_params.pdf Graphic file (type pdf)
<use figures/loss_vs_log_params.pdf>
Package pdftex.def Info: figures/loss_vs_log_params.pdf  used on input line 963
.
(pdftex.def)             Requested size: 161.27856pt x 129.02174pt.
<figures/perp_vs_step.pdf, id=1264, 722.7pt x 578.16pt>
File: figures/perp_vs_step.pdf Graphic file (type pdf)
<use figures/perp_vs_step.pdf>
Package pdftex.def Info: figures/perp_vs_step.pdf  used on input line 967.
(pdftex.def)             Requested size: 161.27856pt x 129.02174pt.
 [29 <./figures/loss_vs_log_params.pdf> <./figures/perp_vs_step.pdf

pdfTeX warning: pdflatex (file ./figures/perp_vs_step.pdf): PDF inclusion: mult
iple pdfs with page group included in a single page
>]
<figures/fine_grained_moe_granularity_figure3a.pdf, id=1359, 133.49875pt x 133.
49875pt>
File: figures/fine_grained_moe_granularity_figure3a.pdf Graphic file (type pdf)

<use figures/fine_grained_moe_granularity_figure3a.pdf>
Package pdftex.def Info: figures/fine_grained_moe_granularity_figure3a.pdf  use
d on input line 998.
(pdftex.def)             Requested size: 302.39795pt x 302.46341pt.
LaTeX Font Info:    Trying to load font information for TS1+pplj on input line 
1022.
 (/usr/local/texlive/2026/texmf-dist/tex/latex/psnfss/ts1pplj.fd
File: ts1pplj.fd 2004/09/06 font definitions for TS1/pplj.
) [30]
[31 <./figures/fine_grained_moe_granularity_figure3a.pdf>]
<figures/mixtral_expert_selection_domains.pdf, id=1482, 416.55624pt x 265.99374
pt>
File: figures/mixtral_expert_selection_domains.pdf Graphic file (type pdf)
<use figures/mixtral_expert_selection_domains.pdf>
Package pdftex.def Info: figures/mixtral_expert_selection_domains.pdf  used on 
input line 1088.
(pdftex.def)             Requested size: 336.0pt x 214.56488pt.
 [32]
<figures/nllb_moe_language_similarity_figure20.pdf, id=1502, 454.69875pt x 426.
59375pt>
File: figures/nllb_moe_language_similarity_figure20.pdf Graphic file (type pdf)

<use figures/nllb_moe_language_similarity_figure20.pdf>
Package pdftex.def Info: figures/nllb_moe_language_similarity_figure20.pdf  use
d on input line 1114.
(pdftex.def)             Requested size: 336.0pt x 315.2383pt.
<figures/olmoe_unicode/copyright.png, id=1505, 170.6375pt x 193.72375pt>
File: figures/olmoe_unicode/copyright.png Graphic file (type png)
<use figures/olmoe_unicode/copyright.png>
Package pdftex.def Info: figures/olmoe_unicode/copyright.png  used on input lin
e 1184.
(pdftex.def)             Requested size: 6.18121pt x 7.01999pt.
<figures/olmoe_unicode/latin_l.png, id=1506, 60.225pt x 195.73125pt>
File: figures/olmoe_unicode/latin_l.png Graphic file (type png)
<use figures/olmoe_unicode/latin_l.png>
Package pdftex.def Info: figures/olmoe_unicode/latin_l.png  used on input line 
1184.
(pdftex.def)             Requested size: 2.15955pt x 7.01999pt.
<figures/olmoe_unicode/latin_i.png, id=1507, 41.15375pt x 249.93375pt>
File: figures/olmoe_unicode/latin_i.png Graphic file (type png)
<use figures/olmoe_unicode/latin_i.png>
Package pdftex.def Info: figures/olmoe_unicode/latin_i.png  used on input line 
1184.
(pdftex.def)             Requested size: 1.15543pt x 7.01999pt.
<figures/olmoe_unicode/jarai_i.png, id=1508, 80.3pt x 190.7125pt>
File: figures/olmoe_unicode/jarai_i.png Graphic file (type png)
<use figures/olmoe_unicode/jarai_i.png>
Package pdftex.def Info: figures/olmoe_unicode/jarai_i.png  used on input line 
1184.
(pdftex.def)             Requested size: 2.95537pt x 7.01999pt.
<figures/olmoe_unicode/devanagari_virama.png, id=1509, 125.46875pt x 196.735pt>

File: figures/olmoe_unicode/devanagari_virama.png Graphic file (type png)
<use figures/olmoe_unicode/devanagari_virama.png>
Package pdftex.def Info: figures/olmoe_unicode/devanagari_virama.png  used on i
nput line 1184.
(pdftex.def)             Requested size: 4.47609pt x 7.01999pt.
<figures/olmoe_unicode/devanagari_e.png, id=1510, 137.51375pt x 207.77625pt>
File: figures/olmoe_unicode/devanagari_e.png Graphic file (type png)
<use figures/olmoe_unicode/devanagari_e.png>
Package pdftex.def Info: figures/olmoe_unicode/devanagari_e.png  used on input 
line 1184.
(pdftex.def)             Requested size: 4.6456pt x 7.01999pt.
<figures/olmoe_unicode/devanagari_ka.png, id=1511, 184.69pt x 164.615pt>
File: figures/olmoe_unicode/devanagari_ka.png Graphic file (type png)
<use figures/olmoe_unicode/devanagari_ka.png>
Package pdftex.def Info: figures/olmoe_unicode/devanagari_ka.png  used on input
 line 1184.
(pdftex.def)             Requested size: 7.87387pt x 7.01999pt.
<figures/olmoe_unicode/cyrillic_sha.png, id=1512, 187.70125pt x 138.5175pt>
File: figures/olmoe_unicode/cyrillic_sha.png Graphic file (type png)
<use figures/olmoe_unicode/cyrillic_sha.png>
Package pdftex.def Info: figures/olmoe_unicode/cyrillic_sha.png  used on input 
line 1184.
(pdftex.def)             Requested size: 9.51163pt x 7.01999pt.
<figures/olmoe_unicode/cyrillic_in.png, id=1513, 286.06876pt x 138.5175pt>
File: figures/olmoe_unicode/cyrillic_in.png Graphic file (type png)
<use figures/olmoe_unicode/cyrillic_in.png>
Package pdftex.def Info: figures/olmoe_unicode/cyrillic_in.png  used on input l
ine 1184.
(pdftex.def)             Requested size: 14.49634pt x 7.01999pt.
<figures/olmoe_unicode/cyrillic_a.png, id=1514, 112.42pt x 143.53625pt>
File: figures/olmoe_unicode/cyrillic_a.png Graphic file (type png)
<use figures/olmoe_unicode/cyrillic_a.png>
Package pdftex.def Info: figures/olmoe_unicode/cyrillic_a.png  used on input li
ne 1184.
(pdftex.def)             Requested size: 5.49782pt x 7.01999pt.
<figures/olmoe_unicode/slovak_l.png, id=1515, 66.2475pt x 195.73125pt>
File: figures/olmoe_unicode/slovak_l.png Graphic file (type png)
<use figures/olmoe_unicode/slovak_l.png>
Package pdftex.def Info: figures/olmoe_unicode/slovak_l.png  used on input line
 1184.
(pdftex.def)             Requested size: 2.3755pt x 7.01999pt.
File: figures/olmoe_unicode/copyright.png Graphic file (type png)
<use figures/olmoe_unicode/copyright.png>
Package pdftex.def Info: figures/olmoe_unicode/copyright.png  used on input lin
e 1184.
(pdftex.def)             Requested size: 6.18121pt x 7.01999pt.
<figures/olmoe_unicode/persian_j.png, id=1516, 83.31125pt x 221.82875pt>
File: figures/olmoe_unicode/persian_j.png Graphic file (type png)
<use figures/olmoe_unicode/persian_j.png>
Package pdftex.def Info: figures/olmoe_unicode/persian_j.png  used on input lin
e 1184.
(pdftex.def)             Requested size: 2.63524pt x 7.01999pt.
<figures/olmoe_unicode/dutch_ij.png, id=1517, 94.3525pt x 251.94125pt>
File: figures/olmoe_unicode/dutch_ij.png Graphic file (type png)
<use figures/olmoe_unicode/dutch_ij.png>
Package pdftex.def Info: figures/olmoe_unicode/dutch_ij.png  used on input line
 1184.
(pdftex.def)             Requested size: 2.62889pt x 7.01999pt.
<figures/olmoe_unicode/chinese_dot.png, id=1518, 79.29625pt x 79.29625pt>
File: figures/olmoe_unicode/chinese_dot.png Graphic file (type png)
<use figures/olmoe_unicode/chinese_dot.png>
Package pdftex.def Info: figures/olmoe_unicode/chinese_dot.png  used on input l
ine 1184.
(pdftex.def)             Requested size: 7.01898pt x 7.01999pt.
<figures/olmoe_unicode/japanese_no.png, id=1519, 211.79124pt x 192.72pt>
File: figures/olmoe_unicode/japanese_no.png Graphic file (type png)
<use figures/olmoe_unicode/japanese_no.png>
Package pdftex.def Info: figures/olmoe_unicode/japanese_no.png  used on input l
ine 1184.
(pdftex.def)             Requested size: 7.71399pt x 7.01999pt.
<figures/olmoe_unicode/devanagari_ra.png, id=1520, 101.37875pt x 164.615pt>
File: figures/olmoe_unicode/devanagari_ra.png Graphic file (type png)
<use figures/olmoe_unicode/devanagari_ra.png>
Package pdftex.def Info: figures/olmoe_unicode/devanagari_ra.png  used on input
 line 1184.
(pdftex.def)             Requested size: 4.32207pt x 7.01999pt.
File: figures/olmoe_unicode/devanagari_ka.png Graphic file (type png)
<use figures/olmoe_unicode/devanagari_ka.png>
Package pdftex.def Info: figures/olmoe_unicode/devanagari_ka.png  used on input
 line 1184.
(pdftex.def)             Requested size: 7.87387pt x 7.01999pt.
File: figures/olmoe_unicode/devanagari_virama.png Graphic file (type png)
<use figures/olmoe_unicode/devanagari_virama.png>
Package pdftex.def Info: figures/olmoe_unicode/devanagari_virama.png  used on i
nput line 1184.
(pdftex.def)             Requested size: 4.47609pt x 7.01999pt.
<figures/olmoe_unicode/devanagari_la.png, id=1521, 177.66376pt x 168.63pt>
File: figures/olmoe_unicode/devanagari_la.png Graphic file (type png)
<use figures/olmoe_unicode/devanagari_la.png>
Package pdftex.def Info: figures/olmoe_unicode/devanagari_la.png  used on input
 line 1184.
(pdftex.def)             Requested size: 7.3954pt x 7.01999pt.

Underfull \hbox (badness 1173) in paragraph at lines 1184--1184
[]|[][][][][][] \T1/pplj/m/n/9 (+20) (100%) [][][][][][] (100%) [][][][][][] (9
5%)
 []


Underfull \hbox (badness 1546) in paragraph at lines 1184--1184
[]|[][][][][][] \T1/pplj/m/n/9 (+20) (100%) [][][][][][] (94%) [][][][][][] (90
%)
 []


Underfull \hbox (badness 10000) in paragraph at lines 1184--1184
[]|[][][][][][] \T1/pplj/m/n/9 (+20) (100%) [][][][][][] (100%)
 []


Underfull \hbox (badness 10000) in paragraph at lines 1184--1184
[][][][][][] \T1/pplj/m/n/9 (+20) (100%) [][][][][][] (100%)
 []


Underfull \hbox (badness 10000) in paragraph at lines 1184--1184
[][][][][][] \T1/pplj/m/n/9 (+20) (100%) [][][][][][] (100%)
 []


Underfull \hbox (badness 10000) in paragraph at lines 1184--1184
[][][][][][] \T1/pplj/m/n/9 (+20) (100%) [][][][][][]
 []


Underfull \hbox (badness 2635) in paragraph at lines 1184--1184
\T1/pplj/m/n/9 (+20) (81%) [][][][][][] (80%) [][][][][][] (78%)
 []


Underfull \hbox (badness 10000) in paragraph at lines 1184--1184
[]|[][][][][][] \T1/pplj/m/n/9 (+20) (92%) [][][][][][] (91%)
 []


Underfull \hbox (badness 1496) in paragraph at lines 1184--1184
[][][][][][] \T1/pplj/m/n/9 (+20) (83%) [][][][][][] (78%) [][][][][][]
 []


Underfull \hbox (badness 4543) in paragraph at lines 1184--1184
[][][][][][] \T1/pplj/m/n/9 (+20) (21%) [][][][][][] (20%) [][][][][][] (18%)
 []

[33 <./figures/mixtral_expert_selection_domains.pdf>]
<figures/longcat_flash_architecture.pdf, id=1616, 328.22626pt x 188.705pt>
File: figures/longcat_flash_architecture.pdf Graphic file (type pdf)
<use figures/longcat_flash_architecture.pdf>
Package pdftex.def Info: figures/longcat_flash_architecture.pdf  used on input 
line 1237.
(pdftex.def)             Requested size: 336.0pt x 193.17624pt.
 [34 <./figures/nllb_moe_language_similarity_figure20.pdf>]
<figures/key_value_memory_layer.pdf, id=1679, 380.42125pt x 121.45375pt>
File: figures/key_value_memory_layer.pdf Graphic file (type pdf)
<use figures/key_value_memory_layer.pdf>
Package pdftex.def Info: figures/key_value_memory_layer.pdf  used on input line
 1267.
(pdftex.def)             Requested size: 336.0pt x 107.27434pt.
 [35 <./figures/olmoe_unicode/copyright.png> <./figures/olmoe_unicode/latin_l.p
ng> <./figures/olmoe_unicode/latin_i.png> <./figures/olmoe_unicode/jarai_i.png>
 <./figures/olmoe_unicode/devanagari_virama.png> <./figures/olmoe_unicode/devan
agari_e.png> <./figures/olmoe_unicode/devanagari_ka.png> <./figures/olmoe_unico
de/cyrillic_sha.png> <./figures/olmoe_unicode/cyrillic_in.png> <./figures/olmoe
_unicode/cyrillic_a.png> <./figures/olmoe_unicode/slovak_l.png> <./figures/olmo
e_unicode/persian_j.png> <./figures/olmoe_unicode/dutch_ij.png> <./figures/olmo
e_unicode/chinese_dot.png> <./figures/olmoe_unicode/japanese_no.png> <./figures
/olmoe_unicode/devanagari_ra.png> <./figures/olmoe_unicode/devanagari_la.png>] 
[36 <./figures/longcat_flash_architecture.pdf> <./figures/key_value_memory_laye
r.pdf>] [37]
(/usr/local/texlive/2026/texmf-dist/tex/latex/listings/lstlang1.sty
File: lstlang1.sty 2025/11/14 1.11b listings language file
)
LaTeX Font Info:    Font shape `T1/fvm/b/n' will be
(Font)              scaled to size 8.50006pt on input line 1382.
<figures/ngram_embedding_layer.pdf, id=1849, 696.6025pt x 435.6275pt>
File: figures/ngram_embedding_layer.pdf Graphic file (type pdf)
<use figures/ngram_embedding_layer.pdf>
Package pdftex.def Info: figures/ngram_embedding_layer.pdf  used on input line 
1409.
(pdftex.def)             Requested size: 336.0pt x 210.12248pt.
 [38]
[39] [40 <./figures/ngram_embedding_layer.pdf>]
<figures/mrl_figure1.pdf, id=1949, 286.671pt x 138.5175pt>
File: figures/mrl_figure1.pdf Graphic file (type pdf)
<use figures/mrl_figure1.pdf>
Package pdftex.def Info: figures/mrl_figure1.pdf  used on input line 1527.
(pdftex.def)             Requested size: 336.0pt x 162.3607pt.
 [41]
<figures/matformer_figure1.pdf, id=1971, 554.07pt x 247.92625pt>
File: figures/matformer_figure1.pdf Graphic file (type pdf)
<use figures/matformer_figure1.pdf>
Package pdftex.def Info: figures/matformer_figure1.pdf  used on input line 1557
.
(pdftex.def)             Requested size: 336.0pt x 150.34576pt.


LaTeX Warning: Marginpar on page 42 moved.

[42 <./figures/mrl_figure1.pdf> <./figures/matformer_figure1.pdf>]) [43]
[44




] [45


] [46]
\openout2 = `Chapters/Chapter02.aux'.

 (./Chapters/Chapter02.tex
Chapter 3.
<papers/lillama/overview.pdf, id=2162, 4386.3875pt x 3926.67pt>
File: papers/lillama/overview.pdf Graphic file (type pdf)
<use papers/lillama/overview.pdf>
Package pdftex.def Info: papers/lillama/overview.pdf  used on input line 9.
(pdftex.def)             Requested size: 336.0pt x 300.77873pt.

Overfull \hbox (1.37042pt too wide) in paragraph at lines 19--19
 []|\T1/pplj/b/n/10.95 (-20) Memory 
 []


LaTeX Warning: `!h' float specifier changed to `!ht'.

[47



 <./papers/lillama/overview.pdf>] [48] [49]
<papers/lillama/stablerank_40p.pdf, id=2595, 867.24pt x 433.62pt>
File: papers/lillama/stablerank_40p.pdf Graphic file (type pdf)
<use papers/lillama/stablerank_40p.pdf>
Package pdftex.def Info: papers/lillama/stablerank_40p.pdf  used on input line 
71.
(pdftex.def)             Requested size: 336.0pt x 167.99954pt.


LaTeX Warning: `!h' float specifier changed to `!ht'.


Overfull \hbox (5.53719pt too wide) in paragraph at lines 79--79
|[]\T1/pplj/m/sc/10.95/80ls (-20) background: low-rank ap-prox-i-ma-tion of tra
ns-former
 []

[50] [51 <./papers/lillama/stablerank_40p.pdf>]
<papers/lillama/Teacher.pdf, id=2617, 775.89874pt x 1261.71375pt>
File: papers/lillama/Teacher.pdf Graphic file (type pdf)
<use papers/lillama/Teacher.pdf>
Package pdftex.def Info: papers/lillama/Teacher.pdf  used on input line 116.
(pdftex.def)             Requested size: 100.80103pt x 163.91302pt.
<papers/lillama/Student.pdf, id=2618, 775.89874pt x 1254.6875pt>
File: papers/lillama/Student.pdf Graphic file (type pdf)
<use papers/lillama/Student.pdf>
Package pdftex.def Info: papers/lillama/Student.pdf  used on input line 118.
(pdftex.def)             Requested size: 100.80103pt x 163.00023pt.
<papers/lillama/Teacher+Student.pdf, id=2619, 783.92876pt x 1274.7625pt>
File: papers/lillama/Teacher+Student.pdf Graphic file (type pdf)
<use papers/lillama/Teacher+Student.pdf>
Package pdftex.def Info: papers/lillama/Teacher+Student.pdf  used on input line
 120.
(pdftex.def)             Requested size: 100.80103pt x 163.89651pt.
 [52] [53 <./papers/lillama/Teacher.pdf> <./papers/lillama/Student.pdf> <./pape
rs/lillama/Teacher+Student.pdf>] [54]
<papers/lillama/strategies.pdf, id=2660, 4842.09pt x 4103.23885pt>
File: papers/lillama/strategies.pdf Graphic file (type pdf)
<use papers/lillama/strategies.pdf>
Package pdftex.def Info: papers/lillama/strategies.pdf  used on input line 181.

(pdftex.def)             Requested size: 336.0pt x 284.68904pt.
 [55 <./papers/lillama/strategies.pdf>]
<papers/lillama/pseudo-code.pdf, id=3156, 476.62904pt x 441.89984pt>
File: papers/lillama/pseudo-code.pdf Graphic file (type pdf)
<use papers/lillama/pseudo-code.pdf>
Package pdftex.def Info: papers/lillama/pseudo-code.pdf  used on input line 223
.
(pdftex.def)             Requested size: 336.0pt x 311.5192pt.
 [56] [57 <./papers/lillama/pseudo-code.pdf>] [58]
Overfull \hbox (20.17035pt too wide) in paragraph at lines 316--338
[][] 
 []


Overfull \hbox (20.15923pt too wide) in paragraph at lines 343--355
[][] 
 []


Overfull \hbox (20.15776pt too wide) in paragraph at lines 360--377
[][] 
 []

[59]
Overfull \hbox (6.72385pt too wide) in paragraph at lines 398--414
 [][] 
 []


LaTeX Warning: `!h' float specifier changed to `!ht'.

[60] [61]
<papers/lillama/rank_acc-1.pdf, id=3289, 433.62pt x 397.485pt>
File: papers/lillama/rank_acc-1.pdf Graphic file (type pdf)
<use papers/lillama/rank_acc-1.pdf>
Package pdftex.def Info: papers/lillama/rank_acc-1.pdf  used on input line 475.

(pdftex.def)             Requested size: 336.0pt x 308.01736pt.
<papers/lillama/w_wo_svd-2.pdf, id=3292, 867.24pt x 433.62pt>
File: papers/lillama/w_wo_svd-2.pdf Graphic file (type pdf)
<use papers/lillama/w_wo_svd-2.pdf>
Package pdftex.def Info: papers/lillama/w_wo_svd-2.pdf  used on input line 482.

(pdftex.def)             Requested size: 336.0pt x 167.99954pt.
<papers/lillama/losses_convergence.pdf, id=3293, 1300.86pt x 433.62pt>
File: papers/lillama/losses_convergence.pdf Graphic file (type pdf)
<use papers/lillama/losses_convergence.pdf>
Package pdftex.def Info: papers/lillama/losses_convergence.pdf  used on input l
ine 494.
(pdftex.def)             Requested size: 336.0pt x 111.99748pt.


LaTeX Warning: `!h' float specifier changed to `!ht'.


LaTeX Warning: `!h' float specifier changed to `!ht'.

[62] [63 <./papers/lillama/rank_acc-1.pdf>] [64 <./papers/lillama/w_wo_svd-2.pd
f> <./papers/lillama/losses_convergence.pdf>] [65]

LaTeX Warning: `!h' float specifier changed to `!ht'.

[66]
Underfull \hbox (badness 4316) in paragraph at lines 652--652
[]|\T1/pplj/m/n/8 (+20) Steve Jobs was a young
 []


Underfull \hbox (badness 1057) in paragraph at lines 652--653
\T1/pplj/m/n/8 (+20) duces com-put-ers, soft-ware,
 []


Underfull \hbox (badness 5519) in paragraph at lines 652--653
\T1/pplj/m/n/8 (+20) also the CEO of Ap-ple,
 []


Underfull \hbox (badness 2809) in paragraph at lines 652--653
\T1/pplj/m/n/8 (+20) and the vi-sion-ary be-hind
 []


Underfull \hbox (badness 1184) in paragraph at lines 652--653
\T1/pplj/m/n/8 (+20) the iPhone, the iPad, and
 []


Underfull \hbox (badness 1859) in paragraph at lines 652--653
\T1/pplj/m/n/8 (+20) the iPod. He was known
 []


Underfull \hbox (badness 1348) in paragraph at lines 695--698
\T1/pplj/m/n/8 (+20) life, and ten-sions be-tween
 []


Underfull \hbox (badness 1028) in paragraph at lines 695--698
\T1/pplj/m/n/8 (+20) in 1861 when Con-fed-er-ate
 []


Underfull \hbox (badness 1102) in paragraph at lines 695--698
\T1/pplj/m/n/8 (+20) the coun-try. The war was
 []


Underfull \hbox (badness 1199) in paragraph at lines 698--699
\T1/pplj/m/n/8 (+20) also known as the Union,
 []


Underfull \hbox (badness 1210) in paragraph at lines 698--699
\T1/pplj/m/n/8 (+20) South-ern states wanted to
 []


Underfull \hbox (badness 1540) in paragraph at lines 704--705
\T1/pplj/m/n/8 (+20) Procla-ma-tion? Here is the
 []


Underfull \hbox (badness 1215) in paragraph at lines 706--707
\T1/pplj/m/n/8 (+20) be-tween the United States
 []


Underfull \hbox (badness 1728) in paragraph at lines 706--707
\T1/pplj/m/n/8 (+20) peo-ple, wanted to abol-ish
 []


Underfull \hbox (badness 1406) in paragraph at lines 708--709
\T1/pplj/m/n/8 (+20) the Con-fed-er-ate States de-
 []


Underfull \hbox (badness 4954) in paragraph at lines 708--709
\T1/pplj/m/n/8 (+20) the United States, which
 []


LaTeX Warning: Reference `ssec:svdllm' on page 67 undefined on input line 719.

[67] [68] [69]

LaTeX Warning: Marginpar on page 70 moved.

[70]) [71]
\openout2 = `Chapters/Chapter03.aux'.

 (./Chapters/Chapter03.tex
Chapter 4.
[72





] [73]
<papers/BaldWhisper/images/layermerging.pdf, id=3424, 988.39845pt x 679.53876pt
>
File: papers/BaldWhisper/images/layermerging.pdf Graphic file (type pdf)
<use papers/BaldWhisper/images/layermerging.pdf>
Package pdftex.def Info: papers/BaldWhisper/images/layermerging.pdf  used on in
put line 26.
(pdftex.def)             Requested size: 336.0pt x 231.00902pt.
 [74 <./papers/BaldWhisper/images/layermerging.pdf>]
<papers/BaldWhisper/images/headshearing.pdf, id=3635, 896.05345pt x 676.29874pt
>
File: papers/BaldWhisper/images/headshearing.pdf Graphic file (type pdf)
<use papers/BaldWhisper/images/headshearing.pdf>
Package pdftex.def Info: papers/BaldWhisper/images/headshearing.pdf  used on in
put line 53.
(pdftex.def)             Requested size: 336.0pt x 253.60107pt.
 [75] [76 <./papers/BaldWhisper/images/headshearing.pdf>] [77] [78]
<papers/BaldWhisper/images/isoloss_wer_plot.pdf, id=3990, 852.65555pt x 671.833
15pt>
File: papers/BaldWhisper/images/isoloss_wer_plot.pdf Graphic file (type pdf)
<use papers/BaldWhisper/images/isoloss_wer_plot.pdf>
Package pdftex.def Info: papers/BaldWhisper/images/isoloss_wer_plot.pdf  used o
n input line 145.
(pdftex.def)             Requested size: 302.39795pt x 238.27177pt.
<papers/BaldWhisper/images/layer_similaritues.pdf, id=3992, 362.96716pt x 315.8
3257pt>
File: papers/BaldWhisper/images/layer_similaritues.pdf Graphic file (type pdf)
<use papers/BaldWhisper/images/layer_similaritues.pdf>
Package pdftex.def Info: papers/BaldWhisper/images/layer_similaritues.pdf  used
 on input line 155.
(pdftex.def)             Requested size: 302.39795pt x 263.14816pt.
 [79 <./papers/BaldWhisper/images/isoloss_wer_plot.pdf>]
<figures/baldqwen.jpg, id=4023, 1204.5pt x 866.23625pt>
File: figures/baldqwen.jpg Graphic file (type jpg)
<use figures/baldqwen.jpg>
Package pdftex.def Info: figures/baldqwen.jpg  used on input line 207.
(pdftex.def)             Requested size: 336.0pt x 241.63248pt.
 [80 <./papers/BaldWhisper/images/layer_similaritues.pdf>]) [81 <./figures/bald
qwen.jpg>] [82] [83




] [84]
\openout2 = `Chapters/Chapter04.aux'.

 (./Chapters/Chapter04.tex
Chapter 5.
[85



]
Overfull \hbox (0.9421pt too wide) in paragraph at lines 46--47
\T1/pplj/m/n/10.95 (-20) Self-supervised mod-els such as wav2vec ([][][]Schnei-
der et al., 2019[][]; [][][]Baevski
 []

[86]
<papers/wolof_speech_lm/images/speech-pipeline.pdf, id=4127, 607.26875pt x 424.
86002pt>
File: papers/wolof_speech_lm/images/speech-pipeline.pdf Graphic file (type pdf)

<use papers/wolof_speech_lm/images/speech-pipeline.pdf>
Package pdftex.def Info: papers/wolof_speech_lm/images/speech-pipeline.pdf  use
d on input line 52.
(pdftex.def)             Requested size: 336.0pt x 235.07402pt.
 [87 <./papers/wolof_speech_lm/images/speech-pipeline.pdf>] [88] [89]
<papers/wolof_speech_lm/images/oolel_speech.pdf, id=4460, 531.00145pt x 512.802
17pt>
File: papers/wolof_speech_lm/images/oolel_speech.pdf Graphic file (type pdf)
<use papers/wolof_speech_lm/images/oolel_speech.pdf>
Package pdftex.def Info: papers/wolof_speech_lm/images/oolel_speech.pdf  used o
n input line 133.
(pdftex.def)             Requested size: 336.0pt x 324.48335pt.

[90 <./papers/wolof_speech_lm/images/oolel_speech.pdf>] [91]
<papers/MRL/images/pipeline.pdf, id=4740, 1171.37625pt x 524.96124pt>
File: papers/MRL/images/pipeline.pdf Graphic file (type pdf)
<use papers/MRL/images/pipeline.pdf>
Package pdftex.def Info: papers/MRL/images/pipeline.pdf  used on input line 198
.
(pdftex.def)             Requested size: 336.0pt x 150.58475pt.
 [92]
Overfull \hbox (0.36723pt too wide) in paragraph at lines 217--218
\T1/pplj/m/n/10.95 (-20) solve this am-bi-gu-ity through a task de-scrip-tion. 
We train one prompted
 []

[93 <./papers/MRL/images/pipeline.pdf>]
<papers/MRL/images/models.pdf, id=5050, 2432.08624pt x 1685.29625pt>
File: papers/MRL/images/models.pdf Graphic file (type pdf)
<use papers/MRL/images/models.pdf>
Package pdftex.def Info: papers/MRL/images/models.pdf  used on input line 237.
(pdftex.def)             Requested size: 336.0pt x 232.8283pt.
 [94] [95 <./papers/MRL/images/models.pdf>] [96] [97] [98]
<papers/MRL/images/energy_evolution.pdf, id=5236, 867.24pt x 578.16pt>
File: papers/MRL/images/energy_evolution.pdf Graphic file (type pdf)
<use papers/MRL/images/energy_evolution.pdf>
Package pdftex.def Info: papers/MRL/images/energy_evolution.pdf  used on input 
line 383.
(pdftex.def)             Requested size: 268.80103pt x 179.20128pt.
<papers/MRL/images/energy_100p.pdf, id=5237, 650.43pt x 578.16pt>
File: papers/MRL/images/energy_100p.pdf Graphic file (type pdf)
<use papers/MRL/images/energy_100p.pdf>
Package pdftex.def Info: papers/MRL/images/energy_100p.pdf  used on input line 
390.
(pdftex.def)             Requested size: 268.80103pt x 238.93504pt.
<papers/MRL/images/recall_vs_nshot.pdf, id=5238, 578.16pt x 578.16pt>
File: papers/MRL/images/recall_vs_nshot.pdf Graphic file (type pdf)
<use papers/MRL/images/recall_vs_nshot.pdf>
Package pdftex.def Info: papers/MRL/images/recall_vs_nshot.pdf  used on input l
ine 397.
(pdftex.def)             Requested size: 268.80103pt x 268.7975pt.
 [99 <./papers/MRL/images/energy_evolution.pdf> <./papers/MRL/images/energy_100
p.pdf>] [100 <./papers/MRL/images/recall_vs_nshot.pdf>]
<papers/MRL/images/costs.pdf, id=5272, 1734.48pt x 578.16pt>
File: papers/MRL/images/costs.pdf Graphic file (type pdf)
<use papers/MRL/images/costs.pdf>
Package pdftex.def Info: papers/MRL/images/costs.pdf  used on input line 426.
(pdftex.def)             Requested size: 336.0pt x 111.99529pt.

[101 <./papers/MRL/images/costs.pdf>]) [102]
\openout2 = `Chapters/Chapter05.aux'.

 (./Chapters/Chapter05.tex
Chapter 6.
[103





] [104] [105] [106]
PGFPlots: reading {papers/zon/data/model_ratio99.csv}
Package microtype Info: Loading generic protrusion settings for font family
(microtype)             `cmss' (encoding: T1).
(microtype)             For optimal results, create family-specific settings.
(microtype)             See the microtype manual for details.
PGFPlots: reading {papers/zon/data/moe_width_ratio99.csv}
 [107{/usr/local/texlive/2026/texmf-dist/fonts/enc/dvips/cm-super/cm-super-t1.e
nc}] [108] [109] [110] [111] [112]
<papers/zon/figures/figs/sparsity_rampup.pdf, id=5422, 296.83649pt x 210.21599p
t>
File: papers/zon/figures/figs/sparsity_rampup.pdf Graphic file (type pdf)
<use papers/zon/figures/figs/sparsity_rampup.pdf>
Package pdftex.def Info: papers/zon/figures/figs/sparsity_rampup.pdf  used on i
nput line 648.
(pdftex.def)             Requested size: 161.27856pt x 114.2174pt.
<papers/zon/figures/figs/expected_sparsity.pdf, id=5423, 296.97765pt x 210.2159
9pt>
File: papers/zon/figures/figs/expected_sparsity.pdf Graphic file (type pdf)
<use papers/zon/figures/figs/expected_sparsity.pdf>
Package pdftex.def Info: papers/zon/figures/figs/expected_sparsity.pdf  used on
 input line 653.
(pdftex.def)             Requested size: 161.27856pt x 114.16287pt.
 [113 <./papers/zon/figures/figs/sparsity_rampup.pdf> <./papers/zon/figures/fig
s/expected_sparsity.pdf>] [114] [115] [116]) [117] [118




] [119] [120]
\openout2 = `Chapters/ConclusionAndFutureWork.aux'.


(./Chapters/ConclusionAndFutureWork.tex
Chapter 7.

Overfull \hbox (2.23634pt too wide) in paragraph at lines 17--33
[]\T1/pplj/m/n/10.95 (-20) For post-training \T1/pplj/b/n/10.95 (-20) model com
-pres-sion\T1/pplj/m/n/10.95 (-20) , we pro-pose \T1/pplj/b/n/10.95 (-20) Lil-l
ama\T1/pplj/m/n/10.95 (-20) , a method
 []

[121



]) [122] [123] [124




]
\openout2 = `FrontBackmatter/Bibliography.aux'.

 (./FrontBackmatter/Bibliography.tex
Overfull \hbox (5.60176pt too wide) in paragraph at lines 18--18
\T1/pplj/m/n/10.95 (-20) Policy Dis-til-la-tion of Lan-guage Mod-els: Learn-ing
 from Self-Generated
 []

[125



]
Overfull \hbox (14.7821pt too wide) in paragraph at lines 18--18
\T1/pplj/m/it/10.95 (-20) rep-re-sen-ta-tions for end-to-end speech recog-ni-ti
on\T1/pplj/m/n/10.95 (-20) . Preprint, arXiv:2110.04590. 
 []

[126] [127]
Overfull \hbox (0.23033pt too wide) in paragraph at lines 18--18
\T1/pplj/m/it/10.95 (-20) sis: Find-ing sparse, train-able neu-ral net-works\T1
/pplj/m/n/10.95 (-20) . Preprint, arXiv:1803.03635. 
 []

[128]
Overfull \hbox (7.99533pt too wide) in paragraph at lines 18--18
\T1/pplj/m/n/10.95 (-20) gual, and Di-verse Dataset for Speech Gen-er-a-tion.^^
Q In: \T1/pplj/m/it/10.95 (-20) arXiv:2501.15907\T1/pplj/m/n/10.95 (-20) . 
 []

[129]
Overfull \hbox (9.28639pt too wide) in paragraph at lines 18--18
\T1/pplj/m/n/10.95 (-20) ^^P  Hu-BERT: Self-Supervised Speech Rep-re-sen-ta-tio
n Learn-ing by Masked
 []


Overfull \hbox (38.20804pt too wide) in paragraph at lines 18--18
[][]\T1/pplj/m/n/10.95 (-20) Jiang, Al-bert Q. et al. (2024). \T1/pplj/m/it/10.
95 (-20) Mix-tral of Ex-perts\T1/pplj/m/n/10.95 (-20) . arXiv preprint; ArXiv:2
401.04088
 []

[130]
Overfull \hbox (14.4513pt too wide) in paragraph at lines 18--18
\T1/pplj/m/n/10.95 (-20) Smith (2021). \T1/pplj/m/it/10.95 (-20) Deep en-coder,
 shal-low de-coder: Reeval-u-at-ing non-autoregressive
 []

[131]
Overfull \hbox (1.80046pt too wide) in paragraph at lines 18--18
\T1/pplj/m/n/10.95 (-20) (2018). \T1/pplj/m/it/10.95 (-20) Mea-sur-ing the in-t
rin-sic di-men-sion of ob-jec-tive land-scapes\T1/pplj/m/n/10.95 (-20) . Prepri
nt,
 []

[132]
Overfull \hbox (0.41913pt too wide) in paragraph at lines 18--18
[][]\T1/pplj/m/n/10.95 (-20) Louizos, Chris-tos, Max Welling, and Diederik P. K
ingma (2018). ^^P  Learn-
 []

[133]
Overfull \hbox (45.05392pt too wide) in paragraph at lines 18--18
\T1/pplj/m/it/10.95 (-20) anal-y-sis of a self-supervised speech rep-re-sen-ta-
tion model\T1/pplj/m/n/10.95 (-20) . Preprint, arXiv:2107.04734. 
 []

[134] [135]
Overfull \hbox (2.28067pt too wide) in paragraph at lines 18--18
\T1/pplj/m/it/10.95 (-20) dis-til-la-tion in prac-tice: The mini-tron ap-proach
\T1/pplj/m/n/10.95 (-20) . Preprint, arXiv:2408.11796. 
 []

[136] [137]
Overfull \hbox (37.85818pt too wide) in paragraph at lines 18--18
\T1/pplj/m/n/10.95 (-20) guage Model Prun-ing via Layer Col-lapse.^^Q In: \T1/p
plj/m/it/10.95 (-20) arXiv preprint arXiv:2402.11187\T1/pplj/m/n/10.95 (-20) .
 []

[138]
Overfull \hbox (9.1227pt too wide) in paragraph at lines 18--18
\T1/pplj/m/n/10.95 (-20) Vol. 235. Pro-ceed-ings of Ma-chine Learn-ing Re-searc
h. PMLR, pp. 57101^^U
 []


Overfull \hbox (48.22662pt too wide) in paragraph at lines 18--18
[][]\T1/pplj/m/n/10.95 (-20) Zhang, Biao, Lixin Chen, Tong Liu, and Bo Zheng (N
ov. 2025). ^^P  SMEC:Rethinking
 []

[139]
Overfull \hbox (38.23181pt too wide) in paragraph at lines 18--18
[][]\T1/pplj/m/n/10.95 (-20) al., Gemma Team et (2025). \T1/pplj/m/it/10.95 (-2
0) Gemma 3 Tech-ni-cal Re-port\T1/pplj/m/n/10.95 (-20) . Preprint, arXiv:2503.1
9786. 
 []

) [140] (./ClassicThesis.aux (./FrontBackmatter/Titlepage.aux)
(./FrontBackmatter/Abstract.aux) (./FrontBackmatter/Publications.aux)
(./FrontBackmatter/Acknowledgments.aux) (./FrontBackmatter/Contents.aux)
(./Chapters/Chapter01.aux) (./Chapters/Chapter02_EfficientLanguageModels.aux)
(./Chapters/Chapter02.aux) (./Chapters/Chapter03.aux) (./Chapters/Chapter04.aux
) (./Chapters/Chapter05.aux) (./Chapters/ConclusionAndFutureWork.aux)
(./FrontBackmatter/Bibliography.aux))
 ***********
LaTeX2e <2025-11-01>
L3 programming layer <2020/03/25>
 ***********


 *File List*
 silence.sty    2012/07/02 v1.5b Selective filtering of warnings and error mess
ages
scrreprt.cls    2026/02/02 v3.49.2 KOMA-Script document class (report)
scrkbase.sty    2026/02/02 v3.49.2 KOMA-Script package (KOMA-Script-dependent b
asics and keyval usage)
 scrbase.sty    2026/02/02 v3.49.2 KOMA-Script package (KOMA-Script-independent
 basics and keyval usage)
scrlfile.sty    2026/02/02 v3.49.2 KOMA-Script package (file load hooks)
scrlfile-hook.sty    2026/02/02 v3.49.2 KOMA-Script package (using LaTeX hooks)

 scrlogo.sty    2026/02/02 v3.49.2 KOMA-Script package (logo)
  keyval.sty    2022/05/29 v1.15 key=value parser (DPC)
tocbasic.sty    2026/02/02 v3.49.2 KOMA-Script package (handling toc-files)
scrsize11pt.clo    2026/02/02 v3.49.2 KOMA-Script font size class option (11pt)

typearea.sty    2026/02/02 v3.49.2 KOMA-Script package (type area)
classicthesis-config.tex
inputenc.sty    2024/02/08 v1.3d Input encoding file
 fontenc.sty    2025/07/18 v2.1d Standard LaTeX package
   babel.sty    2026/03/08 v26.4 The multilingual framework for LuaLaTeX, pdfLa
TeX and XeLaTeX
babel-ngerman.tex
babel-american.tex
 ngerman.ldf    
american.ldf    2017/06/06 v3.3r English support from the babel system
csquotes.sty    2024-04-04 v5.2o context-sensitive quotations (JAW)
etoolbox.sty    2025/10/02 v2.5m e-TeX tools for LaTeX (JAW)
csquotes.def    2024-04-04 v5.2o csquotes generic definitions (JAW)
csquotes.cfg    
biblatex.sty    2025/07/10 v3.21 programmable bibliographies (PK/MW)
pdftexcmds.sty    2020-06-27 v0.33 Utility functions of pdfTeX for LuaTeX (HO)
infwarerr.sty    2019/12/03 v1.5 Providing info/warning/error messages (HO)
   iftex.sty    2024/12/12 v1.0g TeX engine tests
 ltxcmds.sty    2023-12-04 v1.26 LaTeX kernel commands for general use (HO)
kvoptions.sty    2022-06-15 v3.15 Key value format for package options (HO)
kvsetkeys.sty    2022-10-05 v1.19 Key value parser (HO)
  logreq.sty    2010/08/04 v1.0 xml request logger
  logreq.def    2010/08/04 v1.0 logreq spec v1.0
  ifthen.sty    2024/03/16 v1.1e Standard LaTeX ifthen package (DPC)
     url.sty    2013/09/16  ver 3.4  Verb mode for urls, etc.
  blx-dm.def    2025/07/10 v3.21 biblatex datamodel (PK/MW)
blx-compat.def    2025/07/10 v3.21 biblatex compatibility (PK/MW)
blx-bibtex.def    2025/07/10 v3.21 biblatex compatibility (PK/MW)
biblatex.def    2025/07/10 v3.21 biblatex compatibility (PK/MW)
blx-natbib.def    2025/07/10 v3.21 biblatex compatibility (PK/MW)
standard.bbx    2025/07/10 v3.21 biblatex bibliography style (PK/MW)
authoryear.bbx    2025/07/10 v3.21 biblatex bibliography style (PK/MW)
authoryear.cbx    2025/07/10 v3.21 biblatex citation style (PK/MW)
biblatex.cfg    
   expl3.sty    2026-01-19 L3 programming layer (loader) 
l3backend-pdftex.def    2025-10-09 L3 backend support: PDF output (pdfTeX)
blx-case-expl3.sty    2025/07/10 v3.21 expl3 case changing code for biblatex
  xparse.sty    2025-10-09 L3 Experimental document command parser
 amsmath.sty    2025/07/09 v2.17z AMS math features
 amstext.sty    2024/11/17 v2.01 AMS text
  amsgen.sty    1999/11/30 v2.0 generic functions
  amsbsy.sty    1999/11/29 v1.2d Bold Symbols
  amsopn.sty    2022/04/08 v2.04 operator names
graphicx.sty    2024/12/31 v1.2e Enhanced LaTeX Graphics (DPC,SPQR)
graphics.sty    2024/08/06 v1.4g Standard LaTeX Graphics (DPC,SPQR)
    trig.sty    2023/12/02 v1.11 sin cos tan (DPC)
graphics.cfg    2016/06/04 v1.11 sample graphics configuration
  pdftex.def    2025/09/29 v1.2d Graphics/color driver for pdftex
pdfpages.sty    2025/07/23 v0.6g Insert pages of external PDF documents (AM)
    calc.sty    2025/03/01 v4.3b Infix arithmetic (KKT,FJ)
 eso-pic.sty    2025/12/10 v3.0d eso-pic (RN)
  xcolor.sty    2024/09/29 v3.02 LaTeX color extensions (UK)
   color.cfg    2016/01/02 v1.6 sample color configuration
mathcolor.ltx
dvipsnam.def    2016/06/17 v3.0m Driver-dependent file (DPC,SPQR)
pppdftex.def    2025/07/23 v0.6g Pdfpages driver for pdfTeX (AM)
    tikz.sty    2025-08-29 v3.1.11a (3.1.11a)
     pgf.sty    2025-08-29 v3.1.11a (3.1.11a)
  pgfrcs.sty    2025-08-29 v3.1.11a (3.1.11a)
pgfrcs.code.tex
 pgfcore.sty    2025-08-29 v3.1.11a (3.1.11a)
  pgfsys.sty    2025-08-29 v3.1.11a (3.1.11a)
pgfsys.code.tex
pgfsyssoftpath.code.tex    2025-08-29 v3.1.11a (3.1.11a)
pgfsysprotocol.code.tex    2025-08-29 v3.1.11a (3.1.11a)
pgfcore.code.tex
pgfcomp-version-0-65.sty    2025-08-29 v3.1.11a (3.1.11a)
pgfcomp-version-1-18.sty    2025-08-29 v3.1.11a (3.1.11a)
  pgffor.sty    2025-08-29 v3.1.11a (3.1.11a)
 pgfkeys.sty    
pgfkeys.code.tex
 pgfmath.sty    
pgfmath.code.tex
pgffor.code.tex
tikz.code.tex
pgfplots.sty    2025/08/14 v1.18.2 Data Visualization (1.18.2)
pgfplotstable.sty    2025/08/14 v1.18.2 Table typesetting and Pretty-printing (
1.18.2)
   array.sty    2025/09/25 v2.6n Tabular extension package (FMi)
  pifont.sty    2020/03/25 PSNFSS-v9.3 Pi font support (SPQR) 
    upzd.fd    2001/06/04 font definitions for U/pzd.
    upsy.fd    2001/06/04 font definitions for U/psy.
 scrhack.sty    2024-09-04 v3.42 scrhack emulation package
  xspace.sty    2014/10/28 v1.13 Space after command names (DPC,MH)
 acronym.sty    2025/01/17 v1.50 Support for acronyms (Tobias Oetiker)
  suffix.sty    2006/07/15 1.5a Variant command support
 xstring.sty    2023/08/22 v1.86 String manipulations (CT)
 relsize.sty    2013/03/29 ver 4.1
tabularx.sty    2023/12/11 v2.12a `tabularx' package (DPC)
multirow.sty    2024/11/12 v2.9 Span multiple rows of a table
algorithm2e.sty    2017/07/18 v5.2 algorithms environments
ifoddpage.sty    2022/10/18 v1.2 Conditionals for odd/even page detection
  subfig.sty    2005/06/28 ver: 1.3 subfig package
 caption.sty    2023/08/05 v3.6o Customizing captions (AR)
caption3.sty    2023/07/31 v2.4d caption3 kernel (AR)
listings.sty    2025/11/14 1.11b (Carsten Heinz)
lstpatch.sty    2025/11/14 1.11b (Carsten Heinz)
 lstmisc.sty    2025/11/14 1.11b (Carsten Heinz)
listings.cfg    2025/11/14 1.11b listings configuration
lstlang1.sty    2025/11/14 1.11b listings language file
lstlang2.sty    2025/11/14 1.11b listings language file
lstlang3.sty    2025/11/14 1.11b listings language file
lstlang1.sty    2025/11/14 1.11b listings language file
lstlang2.sty    2025/11/14 1.11b listings language file
lstlang3.sty    2025/11/14 1.11b listings language file
lstlang1.sty    2025/11/14 1.11b listings language file
lstlang2.sty    2025/11/14 1.11b listings language file
lstlang3.sty    2025/11/14 1.11b listings language file
 lstmisc.sty    2025/11/14 1.11b (Carsten Heinz)
classicthesis.sty    2025/02/02 v4.8 Typographic style for a classic-looking th
esis
   ifpdf.sty    2019/10/25 v3.4 ifpdf legacy package. Use iftex instead.
 ifxetex.sty    2019/10/25 v0.7 ifxetex legacy package. Use iftex instead.
ifluatex.sty    2019/10/25 v1.5 ifluatex legacy package. Use iftex instead.
mathpazo.sty    2020/03/25 PSNFSS-v9.3 Palatino w/ Pazo Math (D.Puga, WaS) 
beramono.sty    2004/01/31 (WaS)
  t1pplj.fd    2004/09/06 font definitions for T1/pplj.
microtype.sty    2026/03/01 v3.2d Micro-typographical refinements (RS)
microtype-pdftex.def    2026/03/01 v3.2d Definitions specific to pdftex (RS)
microtype.cfg    2026/03/01 v3.2d microtype main configuration file (RS)
mparhack.sty    2021-05-02 v1.5 (T. Sgouros and S. Ulrich)
booktabs.sty    2020/01/12 v1.61803398 Publication quality tables
textcase.sty    2025/02/16 v1.05 Text only upper/lower case changing (DPC)
scrlayer-scrpage.sty    2026/02/02 v3.49.2 KOMA-Script package (end user interf
ace for scrlayer)
scrlayer.sty    2026/02/02 v3.49.2 KOMA-Script package (defining layers and pag
e styles)
titlesec.sty    2025/01/04 v2.17 Sectioning titles
 tocloft.sty    2017/08/31 v2.3i parameterised ToC, etc., typesetting
 scrtime.sty    2026/02/02 v3.49.2 KOMA-Script package (time of LaTeX run)
hyperref.sty    2026-01-29 v7.01p Hypertext links for LaTeX
kvdefinekeys.sty    2019-12-19 v1.6 Define keys (HO)
pdfescape.sty    2019/12/09 v1.15 Implements pdfTeX's escape features (HO)
 hycolor.sty    2020-01-27 v1.10 Color options for hyperref/bookmark (HO)
 nameref.sty    2026-01-29 v2.58 Cross-referencing by name of section
refcount.sty    2019/12/15 v3.6 Data extraction from label references (HO)
gettitlestring.sty    2019/12/15 v1.6 Cleanup title references (HO)
stringenc.sty    2019/11/29 v1.12 Convert strings between diff. encodings (HO)
  pd1enc.def    2026-01-29 v7.01p Hyperref: PDFDocEncoding definition (HO)
 intcalc.sty    2019/12/15 v1.3 Expandable calculations with integers (HO)
   puenc.def    2026-01-29 v7.01p Hyperref: PDF Unicode definition (HO)
  bitset.sty    2019/12/09 v1.3 Handle bit-vector datatype (HO)
bigintcalc.sty    2019/12/15 v1.5 Expandable calculations on big integers (HO)
 hpdftex.def    2026-01-29 v7.01p Hyperref driver for pdfTeX
rerunfilecheck.sty    2025-06-21 v1.11 Rerun checks for auxiliary files (HO)
uniquecounter.sty    2019/12/15 v1.4 Provide unlimited unique counter (HO)
    xurl.sty    2022/01/09 v 0.10 modify URL breaks
tcolorbox.sty    2025/11/28 version 6.9.0 text color boxes
verbatim.sty    2024-01-22 v1.5x LaTeX2e package for verbatim enhancements
 environ.sty    2014/05/04 v0.3 A new way to define environments
trimspaces.sty    2009/09/17 v1.1 Trim spaces around a token list
tikzfill.image.sty    2023/08/08 v1.0.1 Image filling library for TikZ
tikzfill-common.sty    2023/08/08 v1.0.1 Auxiliary code for tikzfill
  pdfcol.sty    2022-09-21 v1.7 Handle new color stacks for pdfTeX (HO)
listingsutf8.sty    2019-12-10 v1.5 Allow UTF-8 in listings input (HO)
colortbl.sty    2024/10/29 v1.0k Color table columns (DPC)
bookmark.sty    2023-12-10 v1.31 PDF bookmarks (HO)
bkm-pdftex.def    2023-12-10 v1.31 bookmark driver for pdfTeX and luaTeX (HO)
 english.lbx    2025/07/10 v3.21 biblatex localization (PK/MW)
american.lbx    2025/07/10 v3.21 biblatex localization (PK/MW)
  german.lbx    2025/07/10 v3.21 biblatex localization (PK/MW)
 ngerman.lbx    2025/07/10 v3.21 biblatex localization (PK/MW)
ClassicThesis.bbl
ClassicThesis1-blx.bbl
supp-pdf.mkii
epstopdf-base.sty    2020-01-24 v2.11 Base part for package epstopdf
epstopdf-sys.cfg    2010/07/13 v1.3 Configuration of (r)epstopdf for TeX Live
pdflscape.sty    2025-06-23 v0.14 Display of landscape pages in PDF
pdflscape-nometadata.sty    2025-06-23 v0.14 Display of landscape pages in PDF 
(HO)
  lscape.sty    2020/05/28 v3.02 Landscape Pages (DPC)
lscapeenhanced.sty    2024-04-16 v1.0 improved lscape package
  xpatch.sty    2020/03/25 v0.3a Extending etoolbox patching commands
  mt-ppl.cfg    2005/11/16 v1.6 microtype config. file: Palatino (RS)
FrontBackmatter/Titlepage.tex
papers/TUL/exemple.pdf
papers/TUL/exemple.pdf
papers/TUL/exemple.pdf
papers/TUL/exemple.pdf
FrontBackmatter/Abstract.tex
 ot1pplx.fd    2004/09/06 font definitions for OT1/pplx.
 omlzplm.fd    2002/09/08 Fontinst v1.914 font definitions for OML/zplm.
 omszplm.fd    2002/09/08 Fontinst v1.914 font definitions for OMS/zplm.
 omxzplm.fd    2002/09/08 Fontinst v1.914 font definitions for OMX/zplm.
 ot1zplm.fd    2002/09/08 Fontinst v1.914 font definitions for OT1/zplm.
FrontBackmatter/Publications.tex
   t1fvm.fd    2004/09/07 scalable font definitions for T1/fvm.
FrontBackmatter/Acknowledgments.tex
FrontBackmatter/Contents.tex
Chapters/Chapter01.tex
figures/transformer.pdf
 ufplmbb.fd    2003/10/30 Fontinst v1.914 font definitions for U/fplmbb.
figures/embedding_parameter_ratio.pdf
figures/figure6_accuracy.png
figures/figure6_cross_entropy.png
figures/wei_emergent_abilities_figure.pdf
Chapters/Chapter02_EfficientLanguageModels.tex
figures/shearedllama.pdf
figures/switch_transformer_figure2.pdf
figures/loss_vs_log_params.pdf
figures/perp_vs_step.pdf
figures/fine_grained_moe_granularity_figure3a.pdf
 ts1pplj.fd    2004/09/06 font definitions for TS1/pplj.
figures/mixtral_expert_selection_domains.pdf
figures/nllb_moe_language_similarity_figure20.pdf
figures/olmoe_unicode/copyright.png
figures/olmoe_unicode/latin_l.png
figures/olmoe_unicode/latin_i.png
figures/olmoe_unicode/jarai_i.png
figures/olmoe_unicode/devanagari_virama.png
figures/olmoe_unicode/devanagari_e.png
figures/olmoe_unicode/devanagari_ka.png
figures/olmoe_unicode/cyrillic_sha.png
figures/olmoe_unicode/cyrillic_in.png
figures/olmoe_unicode/cyrillic_a.png
figures/olmoe_unicode/slovak_l.png
figures/olmoe_unicode/copyright.png
figures/olmoe_unicode/persian_j.png
figures/olmoe_unicode/dutch_ij.png
figures/olmoe_unicode/chinese_dot.png
figures/olmoe_unicode/japanese_no.png
figures/olmoe_unicode/devanagari_ra.png
figures/olmoe_unicode/devanagari_ka.png
figures/olmoe_unicode/devanagari_virama.png
figures/olmoe_unicode/devanagari_la.png
figures/longcat_flash_architecture.pdf
figures/key_value_memory_layer.pdf
lstlang1.sty    2025/11/14 1.11b listings language file
figures/ngram_embedding_layer.pdf
figures/mrl_figure1.pdf
figures/matformer_figure1.pdf
Chapters/Chapter02.tex
papers/lillama/overview.pdf
papers/lillama/stablerank_40p.pdf
papers/lillama/Teacher.pdf
papers/lillama/Student.pdf
papers/lillama/Teacher+Student.pdf
papers/lillama/strategies.pdf
papers/lillama/pseudo-code.pdf
papers/lillama/rank_acc-1.pdf
papers/lillama/w_wo_svd-2.pdf
papers/lillama/losses_convergence.pdf
Chapters/Chapter03.tex
papers/BaldWhisper/images/layermerging.pdf
papers/BaldWhisper/images/headshearing.pdf
papers/BaldWhisper/images/isoloss_wer_plot.pdf
papers/BaldWhisper/images/layer_similaritues.pdf
figures/baldqwen.jpg
Chapters/Chapter04.tex
papers/wolof_speech_lm/images/speech-pipeline.pdf
papers/wolof_speech_lm/images/oolel_speech.pdf
papers/MRL/images/pipeline.pdf
papers/MRL/images/models.pdf
papers/MRL/images/energy_evolution.pdf
papers/MRL/images/energy_100p.pdf
papers/MRL/images/recall_vs_nshot.pdf
papers/MRL/images/costs.pdf
Chapters/Chapter05.tex
papers/zon/figures/figs/sparsity_rampup.pdf
papers/zon/figures/figs/expected_sparsity.pdf
Chapters/ConclusionAndFutureWork.tex
FrontBackmatter/Bibliography.tex
 ***********


LaTeX Warning: There were undefined references.

Package logreq Info: Writing requests to 'ClassicThesis.run.xml'.
\openout1 = `ClassicThesis.run.xml'.

 ) 
Here is how much of TeX's memory you used:
 67051 strings out of 467525
 1539005 string characters out of 5418983
 3092218 words of memory out of 5000000
 92460 multiletter control sequences out of 15000+600000
 856709 words of font info for 1442 fonts, out of 8000000 for 9000
 1143 hyphenation exceptions out of 8191
 108i,24n,134p,11216b,3548s stack positions out of 10000i,1000n,20000p,200000b,200000s
</usr/local/texlive/2026/texmf-dist/fonts/type1/public/amsfonts/cm/cmbx10.pfb
></usr/local/texlive/2026/texmf-dist/fonts/type1/public/amsfonts/cm/cmbx12.pfb>
</usr/local/texlive/2026/texmf-dist/fonts/type1/public/amsfonts/cm/cmex10.pfb><
/usr/local/texlive/2026/texmf-dist/fonts/type1/public/amsfonts/cm/cmmi10.pfb></
usr/local/texlive/2026/texmf-dist/fonts/type1/public/amsfonts/cm/cmr10.pfb></us
r/local/texlive/2026/texmf-dist/fonts/type1/public/amsfonts/cm/cmr12.pfb></usr/
local/texlive/2026/texmf-dist/fonts/type1/public/amsfonts/cm/cmsy10.pfb></usr/l
ocal/texlive/2026/texmf-dist/fonts/type1/public/amsfonts/cm/cmti10.pfb></usr/lo
cal/texlive/2026/texmf-dist/fonts/type1/public/fpl/fplbj8a.pfb></usr/local/texl
ive/2026/texmf-dist/fonts/type1/public/mathpazo/fplmbb.pfb></usr/local/texlive/
2026/texmf-dist/fonts/type1/public/mathpazo/fplmbi.pfb></usr/local/texlive/2026
/texmf-dist/fonts/type1/public/mathpazo/fplmr.pfb></usr/local/texlive/2026/texm
f-dist/fonts/type1/public/mathpazo/fplmri.pfb></usr/local/texlive/2026/texmf-di
st/fonts/type1/public/fpl/fplrc8a.pfb></usr/local/texlive/2026/texmf-dist/fonts
/type1/public/fpl/fplrij8a.pfb></usr/local/texlive/2026/texmf-dist/fonts/type1/
public/bera/fvmb8a.pfb></usr/local/texlive/2026/texmf-dist/fonts/type1/public/b
era/fvmr8a.pfb></usr/local/texlive/2026/texmf-dist/fonts/type1/public/bera/fvmr
o8a.pfb></usr/local/texlive/2026/texmf-dist/fonts/type1/public/lm/lmbx9.pfb></u
sr/local/texlive/2026/texmf-dist/fonts/type1/public/lm/lmr10.pfb></usr/local/te
xlive/2026/texmf-dist/fonts/type1/public/lm/lmr6.pfb></usr/local/texlive/2026/t
exmf-dist/fonts/type1/public/lm/lmr8.pfb></usr/local/texlive/2026/texmf-dist/fo
nts/type1/public/lm/lmr9.pfb></usr/local/texlive/2026/texmf-dist/fonts/type1/pu
blic/cm-super/sfrm1095.pfb></usr/local/texlive/2026/texmf-dist/fonts/type1/publ
ic/cm-super/sfss0800.pfb></usr/local/texlive/2026/texmf-dist/fonts/type1/public
/cm-super/sfti1095.pfb></usr/local/texlive/2026/texmf-dist/fonts/type1/urw/pala
tino/uplb8a.pfb></usr/local/texlive/2026/texmf-dist/fonts/type1/urw/palatino/up
lr8a.pfb></usr/local/texlive/2026/texmf-dist/fonts/type1/urw/palatino/uplri8a.p
fb></usr/local/texlive/2026/texmf-dist/fonts/type1/urw/zapfding/uzdr.pfb>
Output written on ClassicThesis.pdf (160 pages, 4520694 bytes).
PDF statistics:
 6574 PDF objects out of 7423 (max. 8388607)
 4473 compressed objects within 45 object streams
 775 named destinations out of 1000 (max. 500000)
 223672 words of extra memory for PDF output out of 266212 (max. 10000000)

